CallHeuristic,GuardHeuristic,LoopBranchHeuristic,LoopExitHeuristic,LoopHeaderHeuristic,OpcodeHeuristic,PointerHeuristic,ReturnHeuristic,StoreHeuristic,file_total,name,"not taken",taken
1,1,1,1,1,0,1,1,1,8440203,basic_block27.i.i,0,0
0,1,1,1,1,0,1,1,0,8440203,basic_block9.i.i,0,0
0,1,1,1,1,0,1,1,1,8440203,basic_block18.i,0,0
1,1,0,0,1,1,1,1,0,8440203,basic_block36.i6,100,23800
1,1,0,0,1,1,1,0,0,8440203,basic_block.i.i,76800,614400
1,1,0,0,1,1,1,0,1,8440203,basic_block.i,1,0
0,1,0,0,1,1,1,0,0,8440203,basic_block45.i7,1,76800
1,1,0,0,1,1,1,1,0,8440203,basic_block18.i4,23800,7568400
0,1,1,1,1,1,1,1,1,8440203,basic_block36.i,0,0
0,1,1,1,1,0,1,1,0,8440203,basic_block27.i,0,0
0,1,1,1,1,1,1,1,0,8440203,basic_block18.i11.i,0,0
0,1,1,1,1,0,1,1,1,8440203,basic_block9.i,0,0
1,1,0,0,1,1,1,1,0,8440203,basic_block.i2,1,100
1,1,0,0,1,1,1,1,0,8440203,basic_block27.i5,100,32000
0,1,1,1,1,0,1,1,0,8440203,basic_block45.i,0,0
0,1,1,1,1,1,1,1,0,18604,basic_block9.i.i,0,0
1,1,0,0,1,0,1,1,0,18604,basic_block.i.i12.i,0,0
0,1,1,1,1,1,1,1,0,18604,basic_block72.i,0,0
1,1,0,0,1,1,1,1,0,18604,basic_block36.i.i,372,7440
1,1,0,0,1,1,1,0,1,18604,basic_block.i,1,0
0,1,1,1,1,0,1,1,1,18604,basic_block45.i7,0,0
0,1,1,1,1,0,1,1,0,18604,basic_block18.i4,0,0
0,1,1,1,1,1,1,1,1,18604,basic_block36.i,0,0
1,1,1,1,1,0,1,0,0,18604,basic_block126.i,0,0
0,1,1,1,1,1,0,1,1,18604,basic_block54.i,0,0
1,1,1,1,1,0,1,0,0,18604,basic_block63.i,0,0
1,1,0,0,1,0,1,1,0,18604,basic_block.i2.i.i,372,3720
0,1,1,1,1,0,1,1,1,18604,basic_block9.i,0,0
0,1,0,0,1,1,1,1,1,18604,basic_block.i2,1,0
1,1,1,1,1,0,1,1,0,18604,basic_block108.i,0,0
0,1,1,1,1,0,1,1,0,18604,basic_block27.i5,0,0
1,1,1,1,1,1,0,1,0,18604,basic_block90.i,0,0
1,1,1,1,1,0,1,1,1,18604,basic_block27.i.i,0,0
1,1,0,0,1,1,1,0,0,18604,basic_block.i.i.i.i,0,0
0,1,1,1,1,0,1,1,1,18604,basic_block18.i,0,0
1,1,0,0,1,0,1,1,0,18604,basic_block.i7.i.i,372,3720
0,1,0,0,1,1,1,1,0,18604,basic_block99.i,0,0
1,1,1,1,1,0,1,1,0,18604,basic_block36.i6,0,0
1,1,1,1,1,0,1,0,0,18604,basic_block45.i17.i,0,0
0,0,0,0,1,0,1,0,0,18604,basic_block.i.i,0,0
0,1,1,1,1,0,1,1,0,18604,basic_block126.i.thread,0,0
0,1,1,1,1,0,1,1,0,18604,basic_block27.i,0,0
0,0,1,1,1,0,1,1,0,18604,basic_block9.i.i13.i,0,0
0,1,1,1,1,0,1,1,1,18604,basic_block9.i3.i.i,372,372
0,1,1,1,1,1,1,1,0,18604,basic_block18.i.i,0,0
0,1,1,1,1,1,1,1,0,18604,basic_block27.i15.i,0,0
1,1,1,1,1,0,1,1,1,18604,basic_block27.i7.i,372,1
1,1,0,0,1,0,1,0,0,18604,basic_block9.i8.i.i,372,372
0,1,1,1,1,0,1,1,1,18604,basic_block9.i3,0,0
0,1,1,1,1,1,1,1,0,18604,basic_block36.i16.i,0,0
1,1,1,1,1,1,1,1,0,18604,basic_block54.i.i,369,3
0,0,1,1,0,0,0,0,1,463653,basic_block27.i.i14,200,1770
0,0,1,1,0,0,0,1,1,463653,basic_block.i75.i.i,200,1600
0,1,1,1,0,1,0,0,0,463653,basic_block36.i.i,0,21
0,0,1,1,0,0,0,1,1,463653,basic_block.i59.i.i,200,1600
0,0,1,1,0,0,0,1,1,463653,basic_block.i251.i.i,839,6712
0,0,0,0,0,1,0,0,0,463653,basic_block36.i.i15,839,931
0,0,1,1,0,0,0,1,1,463653,basic_block.i203.i.i,931,7448
0,0,1,1,0,0,0,1,1,463653,basic_block.i275.i.i,839,6712
0,0,1,1,0,0,0,1,1,463653,basic_block.i83.i.i,200,1600
0,0,1,1,0,0,0,1,1,463653,basic_block.i131.i.i,931,7448
0,0,1,1,0,0,0,1,1,463653,basic_block.i291.i.i,839,6712
0,0,1,1,0,0,0,1,1,463653,basic_block.i27.i.i,200,1600
0,0,1,1,0,0,0,1,1,463653,basic_block,201,100
0,0,1,1,0,0,0,1,1,463653,basic_block.i107.i.i,200,1600
0,0,0,0,0,1,0,0,0,463653,basic_block27,839,931
1,0,0,0,0,1,0,0,0,463653,basic_block18.i,0,0
1,0,0,0,0,1,0,0,1,463653,basic_block9.i28.i.i,0,0
0,0,1,1,0,0,0,1,1,463653,basic_block.i99.i.i,200,1600
0,0,1,1,0,0,0,1,1,463653,basic_block.i195.i.i,931,7448
0,0,1,1,0,0,0,1,1,463653,basic_block.i187.i.i,931,7448
0,0,1,1,0,0,0,1,1,463653,basic_block.i339.i.i,839,6712
0,0,0,0,0,0,0,0,0,463653,basic_block9.i348.i.i,0,0
0,0,1,1,0,0,0,0,0,463653,basic_block.i4,1,200
1,0,0,0,0,1,0,0,1,463653,basic_block27.i,0,0
0,0,1,1,0,0,0,0,0,463653,basic_block90.i.i,198,3599
1,0,1,1,0,0,0,0,0,463653,basic_block9,100,200000
1,0,0,0,0,0,0,0,1,463653,basic_block9.i18,0,0
0,0,1,1,0,0,0,1,1,463653,basic_block.i315.i.i,839,6712
1,0,0,0,0,0,1,0,0,463653,basic_block99.i.i,198,0
0,0,1,1,0,0,0,1,1,463653,basic_block.i235.i.i,839,6712
1,0,0,0,0,0,1,0,0,463653,basic_block18.i.i,198,1
0,0,1,1,0,0,0,1,1,463653,basic_block.i67.i.i,200,1600
0,0,1,1,0,1,0,1,1,463653,basic_block.i14.i.i,0,0
1,0,0,0,0,1,0,0,1,463653,basic_block45.i,0,0
0,0,0,0,0,1,0,0,0,463653,basic_block54.i.i,0,1
0,0,1,1,0,0,0,1,1,463653,basic_block.i267.i.i,839,6712
0,0,1,1,0,0,0,1,1,463653,basic_block.i363.i.i,0,0
0,0,0,0,0,1,0,0,0,463653,basic_block135.i.i,0,198
0,0,1,1,0,0,0,0,0,463653,basic_block63.i.i,198,847
0,0,1,1,0,0,0,1,1,463653,basic_block.i259.i.i,839,6712
0,0,0,0,0,0,1,0,1,463653,basic_block9.i10,200,0
0,0,1,1,0,1,0,1,1,463653,basic_block.i.i.i,0,0
0,0,1,1,0,0,0,1,1,463653,basic_block.i211.i.i,931,7448
0,0,1,1,0,0,0,1,1,463653,basic_block.i179.i.i,931,7448
0,0,1,1,0,0,0,1,1,463653,basic_block.i355.i.i,0,0
0,0,1,1,0,0,0,1,1,463653,basic_block.i299.i.i,839,6712
0,0,1,1,0,0,0,1,1,463653,basic_block.i155.i.i,931,7448
0,0,1,1,0,0,0,1,1,463653,basic_block.i123.i.i,931,7448
0,0,0,0,0,0,0,0,0,463653,basic_block108.i.i,198,640
0,0,1,1,0,0,0,1,1,463653,basic_block.i51.i.i,200,1600
0,0,1,1,0,0,0,1,1,463653,basic_block.i227.i.i,839,6712
0,0,1,1,0,0,0,1,1,463653,basic_block.i331.i.i,839,6712
0,0,1,1,0,0,0,1,1,463653,basic_block.i219.i.i,839,6712
0,0,1,1,0,0,0,1,1,463653,basic_block.i243.i.i,839,6712
0,0,1,1,0,0,0,1,1,463653,basic_block.i.i.i13,0,0
1,0,0,0,0,0,1,0,0,463653,basic_block27.i.i,1,0
0,0,1,1,0,0,0,1,1,463653,basic_block.i347.i.i,0,0
1,0,1,1,0,0,0,0,1,463653,basic_block.i9,1,200
0,0,1,1,0,0,0,1,1,463653,basic_block.i19.i.i,0,0
0,0,1,1,0,0,0,0,0,463653,basic_block45.i.i,1,20
0,0,1,1,0,0,0,1,1,463653,basic_block.i283.i.i,839,6712
0,0,0,0,0,1,0,0,0,463653,basic_block72.i.i,674,173
0,1,1,1,0,1,0,0,0,463653,basic_block81.i.i,0,3797
0,0,1,1,0,0,0,1,1,463653,basic_block.i139.i.i,931,7448
1,0,0,0,0,0,1,0,0,463653,basic_block9.i.i11,200,0
0,0,1,1,0,1,0,1,1,463653,basic_block.i9.i.i,0,0
0,0,1,1,0,0,0,0,1,463653,basic_block18,200,1770
0,0,1,1,0,0,0,1,1,463653,basic_block.i35.i.i,200,1600
0,0,1,1,0,0,0,1,1,463653,basic_block.i91.i.i,200,1600
0,0,1,1,0,0,0,1,1,463653,basic_block.i115.i.i,200,1600
0,0,1,1,0,1,0,1,1,463653,basic_block.i4.i.i,0,0
0,0,1,1,0,0,0,1,1,463653,basic_block.i43.i.i,200,1600
0,0,1,1,0,0,0,1,1,463653,basic_block.i307.i.i,839,6712
0,0,1,1,0,0,0,1,1,463653,basic_block.i163.i.i,931,7448
1,1,0,0,1,1,1,1,0,7462030,basic_block72.i,1500,12000
1,1,0,0,1,1,1,0,0,7462030,basic_block.i162.i,64,512
1,1,0,0,1,1,1,1,0,7462030,basic_block153.i,12000,96000
0,1,0,0,1,1,1,1,0,7462030,basic_block441.i,8,64
0,1,1,1,1,0,1,1,0,7462030,basic_block9.i141.i,0,0
1,1,0,0,1,1,1,0,0,7462030,basic_block.i186.i,64,512
1,1,0,0,1,1,1,0,0,7462030,basic_block432.i,1,8
1,1,0,0,1,1,1,1,0,7462030,basic_block108.i,96000,768000
1,1,0,0,1,1,1,1,0,7462030,basic_block162.i,1500,12000
1,1,0,0,1,1,1,1,0,7462030,basic_block405.i,12000,96000
1,1,0,0,1,1,1,1,0,7462030,basic_block.i289.i,1500,24000
1,1,0,0,1,1,1,1,0,7462030,basic_block333.i,12000,96000
1,1,0,0,1,1,1,1,0,7462030,basic_block243.i,1500,12000
0,1,1,1,1,0,1,1,1,7462030,basic_block18.i,0,0
1,1,0,0,1,1,1,1,0,7462030,basic_block99.i,12000,96000
1,1,0,0,1,1,1,1,0,7462030,basic_block135.i,96000,768000
1,1,0,0,1,1,1,1,0,7462030,basic_block288.i,1500,12000
1,1,0,0,1,1,1,1,0,7462030,basic_block.i.i,1500,24000
1,1,0,0,1,1,1,1,0,7462030,basic_block270.i,1500,12000
1,1,0,0,1,1,1,1,0,7462030,basic_block198.i,1500,12000
1,1,0,0,1,1,1,1,0,7462030,basic_block.i128.i,1500,24000
0,1,1,1,1,0,1,1,0,7462030,basic_block27.i,0,0
1,1,0,0,1,1,1,1,0,7462030,basic_block216.i,1500,12000
1,1,0,0,1,1,1,1,0,7462030,basic_block207.i,12000,96000
0,1,1,1,1,1,1,1,0,7462030,basic_block18.i.i,0,0
1,1,0,0,1,1,1,1,0,7462030,basic_block117.i,1500,12000
1,1,0,0,1,1,1,1,0,7462030,basic_block414.i,1500,12000
1,1,0,0,1,1,1,1,0,7462030,basic_block234.i,96000,768000
0,1,1,1,1,1,0,1,1,7462030,basic_block45.i,0,0
1,1,0,0,1,1,1,1,0,7462030,basic_block9.i.i,1,8192
1,1,0,0,1,1,1,1,0,7462030,basic_block360.i,96000,768000
1,1,0,0,1,1,1,1,0,7462030,basic_block387.i,96000,768000
1,1,0,0,1,1,1,0,0,7462030,basic_block.i146.i,64,512
1,1,0,0,1,1,1,0,1,7462030,basic_block.i,1,0
1,1,0,0,1,1,1,1,0,7462030,basic_block315.i,12000,96000
1,1,0,0,1,1,1,0,0,7462030,basic_block.i194.i,64,512
0,1,1,1,1,1,1,1,1,7462030,basic_block36.i,0,0
1,1,0,0,1,1,1,1,0,7462030,basic_block18.i4,1,8
0,1,0,0,1,1,1,1,0,7462030,basic_block45.i7,1,1500
1,1,0,0,1,1,1,1,0,7462030,basic_block54.i,1500,12000
1,1,0,0,1,1,1,1,0,7462030,basic_block126.i,12000,96000
1,1,0,0,1,1,1,1,0,7462030,basic_block342.i,1500,12000
1,1,0,0,1,1,1,1,0,7462030,basic_block63.i,12000,96000
1,1,0,0,1,1,1,1,0,7462030,basic_block81.i,12000,96000
1,1,0,0,1,1,1,1,0,7462030,basic_block189.i,12000,96000
1,1,0,0,1,1,1,1,0,7462030,basic_block351.i,12000,96000
0,1,1,1,1,0,1,1,1,7462030,basic_block9.i,0,0
1,1,0,0,1,1,1,0,0,7462030,basic_block.i154.i,64,512
1,1,0,0,1,1,1,1,1,7462030,basic_block27.i5,8,64
1,1,0,0,1,1,1,1,0,7462030,basic_block90.i,1500,12000
1,1,0,0,1,1,1,1,0,7462030,basic_block369.i,1500,12000
1,1,0,0,1,1,1,1,0,7462030,basic_block252.i,12000,96000
1,1,1,1,1,0,1,1,1,7462030,basic_block27.i.i,0,0
1,1,0,0,1,1,1,0,0,7462030,basic_block.i170.i,64,512
0,1,1,1,1,1,1,1,0,7462030,basic_block9.i53.i,0,0
1,1,0,0,1,1,1,1,0,7462030,basic_block279.i,12000,96000
0,1,0,0,1,1,1,1,1,7462030,basic_block171.i,12000,96000
1,1,0,0,1,1,1,0,0,7462030,basic_block.i140.i,64,512
1,1,1,1,1,1,0,1,1,7462030,basic_block9.i2,1,0
0,1,0,0,1,1,1,1,1,7462030,basic_block423.i,12000,96000
1,1,0,0,1,1,1,1,0,7462030,basic_block180.i,1500,12000
1,1,0,0,1,1,1,1,0,7462030,basic_block396.i,1500,12000
1,1,0,0,1,1,1,1,0,7462030,basic_block378.i,12000,96000
1,1,0,0,1,1,1,1,0,7462030,basic_block306.i,1500,12000
1,1,0,0,1,1,1,1,0,7462030,basic_block261.i,96000,768000
0,1,0,0,1,1,1,1,1,7462030,basic_block297.i,12000,96000
1,1,0,0,1,1,1,0,0,7462030,basic_block.i178.i,64,512
0,1,0,0,1,1,1,0,0,606174,basic_block756.i,1,2420
1,1,1,1,1,0,1,1,1,606174,basic_block450.i,2335,2423
1,1,0,0,1,1,1,1,0,606174,basic_block9.i.i,1,2420
1,1,0,0,1,1,1,0,0,606174,basic_block.i11.i.i,2420,19360
1,1,0,0,1,1,1,0,1,606174,basic_block.i,1,0
1,0,1,1,1,0,1,1,0,606174,basic_block621.i,118,0
1,1,1,1,1,1,1,1,0,606174,basic_block324.i,15,4746
0,1,1,1,1,0,1,1,0,606174,basic_block513.i,95239,4761
0,1,1,1,1,1,1,1,1,606174,basic_block36.i,0,0
1,1,0,0,1,1,1,0,0,606174,basic_block.i.i.i,2420,19360
1,0,1,1,1,0,1,1,1,606174,basic_block432.i,118,4522
1,1,1,1,1,1,1,1,1,606174,basic_block351.i,4758,3
1,0,1,1,1,0,1,1,1,606174,basic_block189.i,118,4521
1,1,1,1,1,1,1,1,0,606174,basic_block81.i,15,4746
0,1,1,1,1,0,1,1,1,606174,basic_block9.i,0,0
1,0,1,1,1,0,1,1,1,606174,basic_block675.i,118,4521
1,1,1,1,1,1,1,1,1,606174,basic_block594.i,4757,4
1,1,1,1,1,1,1,1,1,606174,basic_block108.i,4757,4
0,1,1,1,1,0,1,1,0,606174,basic_block27.i5,95239,4761
1,0,1,1,1,0,1,1,0,606174,basic_block666.i,118,0
1,1,1,1,1,0,1,1,1,606174,basic_block162.i,4639,118
1,1,1,1,1,0,1,1,0,606174,basic_block252.i,122,4639
1,1,1,1,1,0,1,1,1,606174,basic_block27.i.i,0,0
0,1,1,1,1,0,1,1,1,606174,basic_block18.i,0,0
1,0,1,1,1,0,1,1,0,606174,basic_block135.i,118,0
0,1,1,1,1,0,1,1,0,606174,basic_block270.i,95239,4761
1,1,0,0,1,1,1,0,0,606174,basic_block.i19.i.i,2420,19360
1,0,1,1,1,0,1,1,1,606174,basic_block144.i,118,4521
1,1,1,1,1,0,1,1,1,606174,basic_block648.i,4639,118
1,1,1,1,1,1,0,1,1,606174,basic_block9.i2,1,0
0,1,1,1,1,0,1,1,0,606174,basic_block27.i,0,0
1,1,1,1,1,0,1,1,0,606174,basic_block495.i,120,4641
1,0,1,1,1,0,1,1,0,606174,basic_block423.i,118,0
1,0,1,1,1,0,1,1,0,606174,basic_block180.i,118,0
1,1,1,1,1,0,1,1,1,606174,basic_block207.i,2334,2423
0,1,1,1,1,1,1,1,0,606174,basic_block18.i.i,0,0
1,1,1,1,1,0,1,1,1,606174,basic_block117.i,4639,118
1,0,1,1,1,0,1,1,0,606174,basic_block378.i,118,0
1,1,1,1,1,0,1,1,1,606174,basic_block603.i,4639,118
0,1,1,1,1,0,1,1,0,606174,basic_block9.i4.i.i,0,0
1,1,1,1,1,1,1,1,0,606174,basic_block567.i,17,4744
0,1,1,1,1,1,0,1,1,606174,basic_block45.i,0,0
1,1,1,1,1,0,1,1,1,606174,basic_block693.i,2334,2423
1,1,1,1,1,0,1,1,1,236238822,basic_block27.i.i,0,0
0,1,1,1,1,1,1,1,0,236238822,basic_block9.i.i,0,0
1,1,0,0,1,1,1,1,0,236238822,basic_block99.i,1000,76800000
0,1,1,1,1,0,1,1,1,236238822,basic_block18.i,0,0
0,1,0,0,1,1,1,1,0,236238822,basic_block135.i,1,307200
1,1,1,1,1,1,1,1,1,236238822,basic_block72.i,0,1
1,1,0,0,1,1,1,1,0,236238822,basic_block36.i6,1,0
1,1,0,0,1,1,1,0,0,236238822,basic_block.i3.i.i,307200,2457600
0,1,1,1,1,1,1,1,1,236238822,basic_block36.i,0,0
1,1,0,0,1,1,1,1,0,236238822,basic_block18.i4,1,1
1,1,1,1,1,1,1,1,1,236238822,basic_block126.i,19620000,26800000
1,0,0,0,1,0,1,1,0,236238822,basic_block54.i,1,1
0,1,1,1,1,0,1,1,0,236238822,basic_block27.i,0,0
1,1,0,0,1,0,1,1,0,236238822,basic_block63.i,3,1
1,1,0,0,1,1,1,0,0,236238822,basic_block.i.i.i,307200,2457600
0,1,1,1,1,0,1,1,1,236238822,basic_block9.i,0,0
0,1,1,1,1,1,1,1,0,236238822,basic_block18.i.i,0,0
1,1,1,1,1,1,1,1,1,236238822,basic_block117.i,1566000,28814000
1,1,0,0,1,0,1,1,0,236238822,basic_block27.i5,3,1
1,1,0,0,1,1,1,1,0,236238822,basic_block90.i,1,1000
0,1,1,1,1,0,1,1,0,236238822,basic_block9.i4.i.i,0,0
0,1,1,1,1,0,1,1,0,236238822,basic_block45.i,0,0
0,0,0,0,0,1,0,0,0,489285572,basic_block27.i.i.i,0,0
1,1,0,0,0,1,0,0,1,489285572,basic_block90.i52,0,48640
1,0,0,0,0,1,0,0,1,489285572,basic_block225,4934789,4777819
1,0,0,0,0,1,0,0,1,489285572,basic_block36.i21,1520,1520
1,0,0,0,0,1,0,0,1,489285572,basic_block9.i5,0,0
0,1,0,0,0,1,0,0,0,489285572,basic_block279,0,0
1,0,1,1,0,0,0,0,1,489285572,basic_block126,685463,646008
0,1,1,1,0,1,0,0,0,489285572,basic_block126.i30,0,0
1,0,0,0,0,1,0,0,1,489285572,basic_block243,1140,0
0,1,1,1,0,1,0,0,0,489285572,basic_block288,0,0
1,0,0,0,0,1,0,0,1,489285572,basic_block.i.i10,0,380
0,0,0,0,0,0,1,0,1,489285572,basic_block54.i.i.i23,0,0
1,0,0,0,0,1,0,0,1,489285572,basic_block126.i55,0,0
0,0,0,0,0,1,0,0,1,489285572,basic_block9.i36.i.i.i,380,0
1,0,0,0,0,1,0,0,1,489285572,basic_block162.i,0,0
0,0,0,0,0,1,0,0,0,489285572,basic_block9.i21.i.i.i,0,0
0,1,1,1,0,1,0,0,0,489285572,basic_block252,0,0
0,0,0,0,0,1,0,0,0,489285572,basic_block27,29573123,3329326
1,0,0,0,0,1,0,0,1,489285572,basic_block63.i74,0,0
0,1,0,0,0,1,0,0,0,489285572,basic_block27.i44,0,0
1,0,0,0,0,1,0,0,1,489285572,basic_block99.i,380,1140
1,0,0,0,0,1,0,0,0,489285572,basic_block18.i,2280,5320
0,0,1,1,0,1,0,0,1,489285572,basic_block27.i16,0,380
0,1,0,0,0,1,0,0,1,489285572,basic_block27.i9.i.i.i,1140,0
1,0,1,1,0,0,0,0,1,489285572,basic_block135.i,0,2280
0,1,0,0,0,1,0,0,0,489285572,basic_block9.i42,0,0
0,1,1,1,0,0,0,1,1,489285572,basic_block.i28.i.i.i,380,1520
1,0,0,0,0,1,0,0,1,489285572,basic_block9.i2.i.i.i,0,380
1,0,0,0,0,0,0,0,1,489285572,basic_block18.i4.i,0,0
1,0,0,0,0,1,0,0,1,489285572,basic_block81.i.i.i,0,0
1,0,0,0,0,1,0,0,1,489285572,basic_block27.i8,380,0
1,1,0,0,0,1,0,0,1,489285572,basic_block171,2039898,380
1,0,0,0,0,1,0,0,1,489285572,basic_block162,2041418,13680
1,1,0,0,0,1,0,0,1,489285572,basic_block54.i._crit_edge,0,0
0,0,0,0,0,1,0,0,0,489285572,basic_block45,254932068,3245312
0,0,0,0,0,0,0,0,0,489285572,basic_block54.i12.i.i.i,0,760
1,0,1,1,0,0,0,0,0,489285572,basic_block36,7421160,3440863
0,0,0,0,0,1,0,0,0,489285572,basic_block144.i.i.i,380,0
0,0,1,1,0,0,0,1,1,489285572,basic_block9.i1,380,6080
0,1,1,1,0,1,0,0,0,489285572,basic_block261,0,0
0,1,1,1,0,1,0,0,0,489285572,basic_block216,44368,0
0,0,0,0,0,1,0,0,0,489285572,basic_block18.i35,0,379
0,0,0,0,0,1,0,0,1,489285572,basic_block9.i.i.i,0,0
1,0,0,0,0,0,0,0,1,489285572,basic_block9.i3.i,0,0
1,0,0,0,0,1,0,0,1,489285572,basic_block180.i62,0,760
1,0,0,0,0,1,0,0,1,489285572,basic_block18.i69,0,0
1,0,1,1,0,0,0,0,0,489285572,basic_block54,534035,3080463
1,0,0,0,0,1,0,0,1,489285572,basic_block9.i.i,760,380
0,0,0,0,0,1,0,0,1,489285572,basic_block108.i.i.i,0,380
0,1,1,1,0,1,0,0,0,489285572,basic_block315,0,0
1,0,0,0,0,1,0,0,1,489285572,basic_block9.i4,0,1140
1,0,1,1,0,0,0,1,0,489285572,basic_block81,5407655,1403844
0,0,1,1,0,0,0,1,0,489285572,basic_block.i,1141,5700
1,0,0,0,0,0,0,0,1,489285572,basic_block9.i.i.i.i,380,145920
0,1,0,0,0,1,0,0,1,489285572,basic_block18.i.i.i19,0,0
1,0,0,0,0,1,0,0,1,489285572,basic_block126.i.i.i.i,0,0
1,1,0,0,0,1,0,0,1,489285572,basic_block126.i,0,0
1,1,0,0,0,0,0,0,1,489285572,basic_block81.i,0,0
1,0,0,0,0,1,0,0,0,489285572,basic_block9.i,3800,18238
1,1,0,0,0,1,0,0,1,489285572,basic_block27.i70,0,0
0,1,0,0,0,1,0,0,1,489285572,basic_block117,303745,1029676
1,0,0,0,0,1,0,0,1,489285572,basic_block108.i29,1520,132240
1,0,0,0,0,0,0,0,1,489285572,basic_block81.i26,0,0
1,0,0,0,0,1,0,0,1,489285572,basic_block90.i,380,1140
1,0,1,1,0,0,0,0,0,489285572,basic_block.i4.i,0,0
1,0,0,0,0,0,1,0,1,489285572,basic_block18.i31,0,90994
1,0,0,0,0,1,0,0,1,489285572,basic_block171.i,0,1520
0,0,1,1,0,0,0,0,1,489285572,basic_block9.i9,1137,1516
0,0,0,0,0,0,0,0,0,489285572,basic_block117.i19.i.i.i,0,760
0,0,0,0,0,0,0,0,0,489285572,basic_block99.i17.i.i.i,0,760
1,0,0,0,0,1,0,0,1,489285572,basic_block9.i2,0,379
0,0,0,0,0,0,0,0,0,489285572,basic_block36.i10.i.i.i,760,380
1,0,0,0,0,0,0,0,1,489285572,basic_block54.i47,0,0
1,0,0,0,0,1,0,0,1,489285572,basic_block135,806857,646008
0,0,0,0,0,1,0,0,0,489285572,basic_block18.i15,0,380
1,0,0,0,0,1,0,0,1,489285572,basic_block117.i.i.i.i,0,380
1,0,1,1,0,0,0,0,0,489285572,basic_block18,7448473,540772
1,0,0,0,0,1,0,0,1,489285572,basic_block27.i12,0,380
0,0,1,1,0,0,0,1,1,489285572,basic_block18.i8.i.i.i,380,1140
0,0,1,1,0,0,0,0,0,489285572,basic_block198,9711849,710851
1,0,0,0,0,0,0,0,1,489285572,basic_block72.i,1140,2660
1,0,0,0,0,0,0,0,1,489285572,basic_block180,10145196,289664
0,0,0,0,0,1,0,0,1,489285572,basic_block18.i11,380,0
1,0,0,0,0,1,0,0,1,489285572,basic_block.i1.i.i.i,0,0
1,1,0,0,0,1,0,1,0,489285572,basic_block9.i32.i.i.i,380,3800
1,0,0,0,0,0,1,0,1,489285572,basic_block72.i49,0,760
0,0,0,0,0,1,0,0,0,489285572,basic_block135.i31,760,760
0,1,0,0,0,0,1,0,1,489285572,basic_block9.i5.i,0,0
1,0,0,0,0,1,0,0,1,489285572,basic_block72.i.i.i25,0,0
0,0,0,0,0,1,0,0,0,489285572,basic_block27.i40.i.i.i,380,1140
1,0,1,1,0,0,0,0,0,489285572,basic_block.i2,0,380
0,0,0,0,0,1,0,0,0,489285572,basic_block90,697673,308670
1,1,0,0,0,1,0,0,1,489285572,basic_block108.i,380,0
1,0,0,0,0,0,1,0,1,489285572,basic_block31337unlabelled,0,0
0,0,0,0,0,1,0,0,1,489285572,basic_block108,96691,664248
0,0,0,0,0,0,1,0,1,489285572,basic_block,30727773,8252927
1,0,0,0,0,1,0,0,0,489285572,basic_block45.i8,0,0
0,0,1,1,0,0,0,0,1,489285572,basic_block.i.i.i.i,380,97280
0,0,1,1,0,0,0,1,1,489285572,basic_block.i.i,380,7220
0,1,1,1,0,1,0,0,0,489285572,basic_block144.i57,0,0
0,1,1,1,0,1,0,0,0,489285572,basic_block108.i54,0,0
1,0,0,0,0,1,0,0,1,489285572,basic_block144.i,1140,1140
0,0,0,0,0,1,0,0,1,489285572,basic_block72.i14.i.i.i,0,0
0,0,1,1,0,0,0,0,1,489285572,basic_block54.i.i.i.i,0,0
1,0,0,0,0,1,0,0,1,489285572,basic_block27.i,3040,6460
0,0,0,0,0,1,0,0,0,489285572,basic_block9,5601043,39050283
0,1,0,0,0,1,0,0,0,489285572,basic_block9.i18,0,0
1,1,1,1,0,1,0,0,0,489285572,basic_block9.i.i39,379,379
0,1,1,1,0,1,0,1,1,489285572,basic_block18.i.i,380,760
0,1,0,0,0,1,0,0,0,489285572,basic_block54.i73,0,0
1,0,0,0,0,0,0,0,0,489285572,basic_block108.i.i.i.i,0,0
1,0,0,0,0,1,0,0,1,489285572,basic_block18.i5,1140,0
1,0,0,0,0,1,0,0,1,489285572,basic_block18.i43,760,0
0,0,1,1,0,0,0,0,0,489285572,basic_block81.i51,760,48640
0,0,0,0,0,1,0,0,1,489285572,basic_block171.i61,0,0
0,1,0,0,0,1,0,1,1,489285572,basic_block144.i.i.i.i.thread,0,0
1,1,0,0,0,1,0,0,1,489285572,basic_block27.i27,0,380
1,0,0,0,0,1,0,0,1,489285572,basic_block45.i,2280,760
0,1,1,1,0,1,0,0,0,489285572,basic_block234,680526,29185
0,1,0,0,0,1,0,0,0,489285572,basic_block9.i68,0,0
0,1,1,1,0,1,0,0,0,489285572,basic_block54.i23,0,0
0,0,0,0,0,1,0,0,1,489285572,basic_block45.i.i.i22,0,0
0,0,1,1,0,0,0,0,0,489285572,basic_block162.i60,0,0
1,0,0,0,0,1,0,0,1,489285572,basic_block36.i.i.i21,0,0
1,0,0,0,0,0,0,0,1,489285572,basic_block27.i36,379,0
1,0,0,0,0,1,0,0,1,489285572,basic_block153,8382802,2041038
1,0,0,0,0,1,0,0,1,489285572,basic_block36.i7,1140,0
1,0,0,0,0,0,0,0,0,489285572,basic_block36.i,760,3040
1,1,0,0,0,1,0,0,1,489285572,basic_block54.i,379,759
0,0,0,0,0,0,0,0,0,489285572,basic_block81.i15.i.i.i,0,0
1,0,0,0,0,1,0,0,1,489285572,basic_block63.i,3039,24320
0,1,0,0,0,1,0,0,1,489285572,basic_block.i.i.i,380,0
1,0,0,0,0,0,0,0,1,489285572,basic_block18.i37.i.i.i,380,0
0,0,0,0,0,1,0,0,1,489285572,basic_block9.i.i.i18,0,380
0,0,0,0,0,0,1,0,1,489285572,basic_block18.i.i40,379,0
1,0,0,0,0,0,0,0,1,489285572,basic_block306,0,0
0,1,1,1,0,1,0,0,1,489285572,basic_block324,0,0
1,1,0,0,0,1,0,0,1,489285572,basic_block144.i32,1520,0
1,0,0,0,0,0,1,0,1,489285572,basic_block162.i33,0,1520
0,1,0,0,0,1,0,0,0,489285572,basic_block9.i6.i.i.i,380,0
0,0,0,0,0,1,0,0,1,489285572,basic_block297,0,0
0,0,0,0,0,1,0,0,0,489285572,basic_block27.i.i,0,0
0,1,0,0,0,1,0,0,0,489285572,basic_block27.i20,0,0
1,0,1,1,0,0,0,1,1,489285572,basic_block.i.i.i.i.i,380,1140
0,0,0,0,0,0,0,0,0,489285572,basic_block63.i13.i.i.i,760,0
1,0,0,0,0,0,0,0,1,489285572,basic_block90.i.thread,0,0
1,0,0,0,0,1,0,0,1,489285572,basic_block99,578182,658545
0,1,0,0,0,1,0,0,0,489285572,basic_block72.i75,0,0
1,0,0,0,0,1,0,0,1,489285572,basic_block36.i45,760,760
0,0,0,0,0,1,0,0,1,489285572,basic_block126.i.i.i,0,380
0,0,0,0,0,1,0,0,0,489285572,basic_block18.i.i13,0,0
1,0,0,0,0,1,0,0,1,489285572,basic_block27.i6,0,0
1,0,0,0,0,1,0,0,1,489285572,basic_block18.i.i.i.i,0,0
0,1,0,0,0,1,0,0,0,489285572,basic_block99.i.i.i,0,380
1,1,0,0,0,1,0,0,1,489285572,basic_block90.i.i.i,0,0
0,0,0,0,0,1,0,1,1,489285572,basic_block144,34956,11088719
0,0,0,0,0,1,0,0,0,489285572,basic_block63.i.i.i24,0,0
1,0,0,0,0,1,0,0,1,489285572,basic_block180.i,0,0
0,0,0,0,0,1,0,0,0,489285572,basic_block54.i.i.i,0,0
0,0,0,0,0,0,1,0,1,489285572,basic_block72.i.i.i,0,0
0,0,1,1,0,0,0,1,1,489285572,basic_block.i7,379,1137
1,0,0,0,0,0,0,0,1,489285572,basic_block72,1565861,5531953
0,0,0,0,0,0,0,0,1,489285572,basic_block270,0,0
1,0,1,1,0,0,0,1,1,489285572,basic_block9.i3,0,0
0,0,0,0,0,0,0,0,1,489285572,basic_block153.i58,760,0
0,0,0,0,0,1,0,0,1,489285572,basic_block108.i18.i.i.i,0,760
1,0,0,0,0,0,0,0,1,489285572,basic_block27.i.i.i.i,0,0
0,0,0,0,0,1,0,0,0,489285572,basic_block9.i6,0,380
1,1,1,1,1,0,1,1,1,430671,basic_block27.i.i,0,0
1,1,0,0,1,1,1,1,0,430671,basic_block9.i.i,1,500
0,1,1,1,1,0,1,1,1,430671,basic_block18.i,0,0
1,1,1,1,1,1,1,1,1,430671,basic_block72.i,3333,96667
1,1,1,1,1,1,1,1,1,430671,basic_block153.i,5000,0
1,1,0,0,1,1,1,0,0,430671,basic_block.i11.i.i,500,4000
1,1,0,0,1,1,1,0,1,430671,basic_block.i,1,0
1,1,0,0,1,1,1,0,0,430671,basic_block.i3.i.i,500,4000
1,1,1,1,1,1,0,1,1,430671,basic_block9.i2,1,0
0,1,0,0,1,1,1,1,0,430671,basic_block18.i4,1,100000
0,1,1,1,1,1,1,1,1,430671,basic_block36.i,0,0
0,1,1,1,1,0,1,1,0,430671,basic_block27.i,0,0
1,1,0,0,1,1,1,0,0,430671,basic_block.i.i.i,500,4000
0,1,1,1,1,0,1,1,1,430671,basic_block9.i,0,0
0,1,1,1,1,1,1,1,0,430671,basic_block18.i.i,0,0
1,1,1,1,1,1,1,1,1,430671,basic_block117.i,5000,95000
1,1,1,1,1,1,1,1,1,430671,basic_block108.i,3333,0
1,1,1,1,1,1,1,1,1,430671,basic_block27.i5,3333,96667
0,1,1,1,1,0,1,1,0,430671,basic_block9.i4.i.i,0,0
0,1,0,0,1,1,1,0,0,430671,basic_block162.i,1,500
0,1,1,1,1,1,1,1,0,430671,basic_block9.i3.i,0,0
0,1,1,1,1,1,0,1,1,430671,basic_block45.i,0,0
0,1,1,1,1,1,1,1,0,1800200,basic_block9.i8.i,0,0
1,0,1,1,1,1,1,1,0,1800200,basic_block450.i,47601,300
1,1,0,0,1,1,1,1,0,1800200,basic_block9.i.i,1,500
1,1,0,0,1,1,1,0,0,1800200,basic_block.i65.i,1,8
1,0,1,1,1,1,1,1,0,1800200,basic_block72.i,47601,300
1,1,1,1,1,1,1,1,1,1800200,basic_block153.i,47601,300
1,1,1,1,1,1,1,1,1,1800200,basic_block441.i,47901,2099
1,1,0,0,1,1,1,0,1,1800200,basic_block.i,1,0
1,1,0,0,1,1,1,0,0,1800200,basic_block.i81.i,1,8
1,1,1,1,1,1,1,1,1,1800200,basic_block324.i,47601,300
1,1,1,1,1,1,1,1,1,1800200,basic_block513.i,47601,300
0,1,0,0,1,1,1,0,0,1800200,basic_block18.i4,1,50000
0,1,1,1,1,1,1,1,1,1800200,basic_block36.i,0,0
1,1,1,1,1,1,1,1,1,1800200,basic_block342.i,47601,300
1,1,1,1,1,1,1,1,1,1800200,basic_block63.i,47901,2099
1,1,1,1,1,1,1,1,1,1800200,basic_block189.i,47601,300
1,1,1,1,1,1,1,1,1,1800200,basic_block81.i,47601,300
0,1,1,1,1,0,1,1,1,1800200,basic_block9.i,0,0
1,1,1,1,1,1,1,1,1,1800200,basic_block225.i,49701,299
1,1,1,1,1,1,1,1,1,1800200,basic_block27.i5,42801,7199
1,1,1,1,1,1,1,1,1,1800200,basic_block252.i,47901,2099
1,1,1,1,1,0,1,1,1,1800200,basic_block27.i.i,0,0
1,1,0,0,1,1,1,0,0,1800200,basic_block.i73.i,1,8
1,1,0,0,1,1,1,0,0,1800200,basic_block.i41.i,1,8
0,1,1,1,1,0,1,1,1,1800200,basic_block18.i,0,0
1,1,1,1,1,1,1,1,1,1800200,basic_block99.i,47601,300
1,1,1,1,1,1,1,1,1,1800200,basic_block36.i6,49701,299
1,1,1,1,1,1,1,1,1,1800200,basic_block135.i,47601,300
1,1,0,0,1,1,1,0,0,1800200,basic_block.i.i,1,8
1,1,1,1,1,1,1,1,1,1800200,basic_block288.i,47601,300
1,1,1,1,1,1,1,1,1,1800200,basic_block171.i,47601,300
1,1,1,1,1,1,1,1,1,1800200,basic_block270.i,47601,300
1,1,1,1,1,1,1,1,1,1800200,basic_block459.i,47601,300
1,1,1,1,1,1,0,1,1,1800200,basic_block9.i2,1,0
1,1,1,1,1,1,1,1,1,1800200,basic_block549.i,47601,300
1,1,1,1,1,1,1,1,1,1800200,basic_block495.i,47601,300
1,0,1,1,1,0,1,1,1,1800200,basic_block423.i,43100,6900
1,1,1,1,1,1,1,1,1,1800200,basic_block207.i,42801,7199
0,1,1,1,1,1,1,1,0,1800200,basic_block18.i.i,0,0
1,1,1,1,1,1,1,1,1,1800200,basic_block396.i,42801,7199
1,1,0,0,1,1,1,0,0,1800200,basic_block.i89.i,1,8
1,1,1,1,1,1,1,1,1,1800200,basic_block378.i,47601,300
1,1,1,1,1,1,1,1,1,1800200,basic_block414.i,49701,299
1,1,1,1,1,1,1,1,1,1800200,basic_block306.i,47601,300
1,0,1,1,1,1,1,1,0,1800200,basic_block261.i,47601,300
1,1,1,1,1,1,1,1,1,1800200,basic_block567.i,47601,300
1,1,0,0,1,1,1,0,0,1800200,basic_block.i49.i,1,8
0,1,1,1,1,1,0,1,1,1800200,basic_block45.i,0,0
1,1,1,1,1,0,1,1,0,25054902,basic_block225,0,0
1,1,1,1,1,0,1,1,0,25054902,basic_block495,54373,245627
1,1,1,1,1,0,1,1,0,25054902,basic_block1440,41937,258063
1,1,1,1,1,0,1,1,0,25054902,basic_block981,17931,282069
1,1,1,1,1,0,1,1,0,25054902,basic_block1458,17927,282073
1,1,1,1,1,0,1,1,0,25054902,basic_block414,41962,258038
1,1,1,1,1,0,1,1,0,25054902,basic_block279,20883,128417
1,1,1,1,1,0,1,1,0,25054902,basic_block126,21075,129625
1,1,1,1,1,0,1,1,0,25054902,basic_block1197,37713,111587
1,1,1,1,1,0,1,1,0,25054902,basic_block243,37679,111621
1,1,1,1,1,0,1,1,0,25054902,basic_block1179,0,0
1,1,1,1,1,0,1,1,0,25054902,basic_block288,17537,131763
1,1,1,1,1,0,1,1,0,25054902,basic_block747,24294,125106
1,1,1,1,1,0,1,1,0,25054902,basic_block675,0,0
1,1,0,0,1,1,1,1,1,25054902,basic_block846,60000,300000
1,1,1,1,1,0,1,1,0,25054902,basic_block720,37728,111672
1,1,1,1,1,0,1,1,0,25054902,basic_block486,41932,258068
0,1,0,0,1,1,1,1,1,25054902,basic_block1476,3000,60000
1,1,1,1,1,0,1,1,0,25054902,basic_block252,17902,131398
0,1,1,1,1,1,0,1,1,25054902,basic_block27,1,0
1,1,0,0,1,1,1,0,0,25054902,basic_block.i11.i,128,1024
1,1,1,1,1,0,1,1,0,25054902,basic_block954,41961,258039
1,1,1,1,1,0,1,1,0,25054902,basic_block756,20919,128481
1,1,1,1,1,0,1,1,0,25054902,basic_block603,21055,129545
1,1,1,1,1,0,1,1,1,25054902,basic_block1044,149300,150700
1,1,1,1,1,0,1,1,0,25054902,basic_block1242,17545,131755
0,1,1,1,1,1,1,1,0,25054902,basic_block9.i23,0,0
1,1,1,1,1,0,1,1,0,25054902,basic_block171,0,0
1,1,1,1,1,0,1,1,0,25054902,basic_block909,54401,245599
0,1,0,0,1,1,1,1,0,25054902,basic_block45,1,3000
1,1,1,1,1,0,1,1,0,25054902,basic_block189,0,0
1,1,1,1,1,0,1,1,0,25054902,basic_block1278,0,0
1,1,1,1,1,0,1,1,0,25054902,basic_block927,55777,244223
1,1,1,1,1,0,1,1,0,25054902,basic_block216,0,0
1,1,1,1,1,0,1,1,0,25054902,basic_block261,20895,128405
1,1,1,1,1,0,1,1,0,25054902,basic_block1386,54379,245621
1,1,1,1,1,0,1,1,0,25054902,basic_block639,33487,117113
1,1,1,1,1,0,1,1,0,25054902,basic_block450,55736,244264
1,1,0,0,1,0,1,1,0,25054902,basic_block54,3000,0
1,1,0,0,1,1,1,1,0,25054902,basic_block540,3000,60000
1,1,1,1,1,0,1,1,0,25054902,basic_block1260,0,0
1,1,0,0,1,1,1,1,0,25054902,basic_block1035,60000,300000
1,1,0,0,1,1,1,1,1,25054902,basic_block369,60000,300000
1,1,1,1,1,0,1,1,0,25054902,basic_block315,0,0
1,1,0,0,1,1,1,1,0,25054902,basic_block81,60000,300000
1,1,0,0,1,1,1,0,1,25054902,basic_block.i,1,0
1,1,1,1,1,0,1,1,0,25054902,basic_block1152,0,0
1,1,1,1,1,0,1,1,0,25054902,basic_block1116,33468,117232
1,1,1,1,1,0,1,1,0,25054902,basic_block1170,0,0
1,1,1,1,1,0,1,1,1,25054902,basic_block567,149400,150600
0,1,1,1,1,0,1,1,0,25054902,basic_block9.i4.i,0,0
1,1,1,1,1,0,1,1,0,25054902,basic_block783,0,0
0,1,1,1,1,0,1,1,1,25054902,basic_block9.i,0,0
1,1,1,1,1,0,1,1,0,25054902,basic_block1332,37995,262005
1,1,1,1,1,0,1,1,0,25054902,basic_block117,18057,132643
1,1,0,0,1,0,1,1,0,25054902,basic_block531,3000,0
0,1,0,0,1,1,1,0,0,25054902,basic_block1485,1,128
1,1,1,1,1,0,1,1,0,25054902,basic_block891,41961,258039
1,1,1,1,1,0,1,1,0,25054902,basic_block1215,20911,128389
1,1,1,1,1,0,1,1,0,25054902,basic_block1449,54379,245621
1,1,1,1,1,0,1,1,0,25054902,basic_block1089,24469,126231
1,1,1,1,1,0,1,1,0,25054902,basic_block585,37990,112610
1,1,1,1,1,0,1,1,0,25054902,basic_block1143,0,0
1,1,1,1,1,0,1,1,0,25054902,basic_block1368,41995,258005
1,1,0,0,1,1,1,1,0,25054902,basic_block63,3000,60000
1,1,1,1,1,0,1,1,0,25054902,basic_block513,37679,262321
1,1,1,1,1,0,1,1,0,25054902,basic_block1404,55769,244231
1,1,1,1,1,0,1,1,0,25054902,basic_block333,0,0
1,1,0,0,1,1,1,0,0,25054902,basic_block.i19.i,128,1024
1,1,1,1,1,0,1,1,0,25054902,basic_block621,21042,129558
1,1,1,1,1,0,1,1,0,25054902,basic_block990,37728,262272
1,1,1,1,1,0,1,1,0,25054902,basic_block1161,0,0
1,1,1,1,1,0,1,1,0,25054902,basic_block828,0,0
1,1,1,1,1,0,1,1,0,25054902,basic_block135,24436,126264
1,1,1,1,1,0,1,1,1,25054902,basic_block711,0,149400
0,1,1,1,1,1,1,1,0,25054902,basic_block18.i24,0,0
1,1,0,0,1,1,1,1,0,25054902,basic_block558,60000,300000
1,1,1,1,1,0,1,1,0,25054902,basic_block819,0,0
1,1,1,1,1,0,1,1,0,25054902,basic_block648,0,0
1,1,1,1,1,0,1,1,0,25054902,basic_block918,55921,244079
1,1,1,1,1,0,1,1,0,25054902,basic_block855,37990,262010
1,1,0,0,1,1,1,1,0,25054902,basic_block18,1,10
1,1,1,1,1,0,1,1,0,25054902,basic_block837,0,0
1,1,1,1,1,0,1,1,0,25054902,basic_block432,54373,245627
1,1,1,1,1,0,1,1,0,25054902,basic_block864,18049,281951
1,1,1,1,1,0,1,1,0,25054902,basic_block198,0,0
1,1,1,1,1,0,1,1,0,25054902,basic_block180,0,0
1,1,1,1,1,0,1,1,0,25054902,basic_block1296,0,0
1,1,1,1,1,0,1,1,0,25054902,basic_block873,54306,245694
1,1,1,1,1,0,1,1,0,25054902,basic_block1413,54295,245705
1,1,1,1,1,0,1,1,1,25054902,basic_block576,0,150600
1,1,1,1,1,0,1,1,0,25054902,basic_block972,54401,245599
1,1,1,1,1,0,1,1,0,25054902,basic_block1431,41995,258005
1,1,1,1,1,0,1,1,0,25054902,basic_block1377,41937,258063
1,1,1,1,1,0,1,1,0,25054902,basic_block1107,17683,133017
1,1,0,0,1,1,1,1,1,25054902,basic_block1323,60000,300000
1,1,1,1,1,0,1,1,0,25054902,basic_block666,0,0
1,1,1,1,1,0,1,1,1,25054902,basic_block90,149300,150700
1,1,1,1,1,0,1,1,0,25054902,basic_block1125,0,0
1,1,1,1,1,0,1,1,0,25054902,basic_block1233,20918,128382
1,1,1,1,1,0,1,1,0,25054902,basic_block108,37996,112704
1,1,0,0,1,1,1,1,0,25054902,basic_block,1,10
1,1,1,1,1,0,1,1,0,25054902,basic_block1098,21077,129623
1,1,1,1,1,0,1,1,0,25054902,basic_block1395,55922,244078
1,1,0,0,1,1,1,0,0,25054902,basic_block.i.i,128,1024
1,1,1,1,1,0,1,1,0,25054902,basic_block1287,0,0
1,1,1,1,1,0,1,1,0,25054902,basic_block207,0,0
1,1,1,1,1,0,1,1,0,25054902,basic_block738,20914,128486
1,1,1,1,1,0,1,1,0,25054902,basic_block810,0,0
1,1,1,1,1,0,1,1,0,25054902,basic_block1071,18056,132644
1,1,1,1,1,0,1,1,0,25054902,basic_block468,41973,258027
0,1,1,1,1,0,1,1,0,25054902,basic_block27.i,0,0
1,1,1,1,1,0,1,1,0,25054902,basic_block657,0,0
1,1,1,1,1,0,1,1,0,25054902,basic_block351,0,0
1,1,1,1,1,0,1,1,0,25054902,basic_block702,0,0
1,1,1,1,1,0,1,1,0,25054902,basic_block900,41971,258029
0,1,1,1,1,0,1,1,0,25054902,basic_block45.i,0,0
1,1,1,1,1,0,1,1,0,25054902,basic_block684,0,0
1,1,1,1,1,0,1,1,1,25054902,basic_block234,0,149300
1,1,1,1,1,0,1,1,0,25054902,basic_block1251,33233,116067
1,1,1,1,1,0,1,1,0,25054902,basic_block1359,42014,257986
1,1,1,1,1,0,1,1,0,25054902,basic_block963,41971,258029
1,1,0,0,1,1,1,0,0,25054902,basic_block.i3.i,128,1024
1,1,1,1,1,0,1,1,0,25054902,basic_block612,24434,126166
1,1,1,1,1,0,1,1,0,25054902,basic_block594,18049,132551
1,1,1,1,1,0,1,1,0,25054902,basic_block945,41992,258008
1,1,1,1,1,0,1,1,0,25054902,basic_block405,41973,258027
1,1,1,1,1,0,1,1,0,25054902,basic_block153,17680,133020
0,1,1,1,1,1,1,1,1,25054902,basic_block36.i,0,0
1,1,1,1,1,0,1,1,0,25054902,basic_block1341,18056,281944
1,1,1,1,1,0,1,1,0,25054902,basic_block459,54271,245729
0,1,0,0,1,1,1,1,1,25054902,basic_block999,3000,60000
1,1,0,0,1,0,1,1,0,25054902,basic_block1008,3000,0
1,1,1,1,1,0,1,1,0,25054902,basic_block423,41932,258068
1,1,1,1,1,0,1,1,0,25054902,basic_block1269,0,0
1,1,1,1,1,0,1,1,0,25054902,basic_block324,0,0
1,1,1,1,1,0,1,1,0,25054902,basic_block306,0,0
1,1,1,1,1,0,1,1,0,25054902,basic_block693,0,0
1,1,1,1,1,0,1,1,1,25054902,basic_block1188,0,149300
1,1,1,1,1,0,1,1,0,25054902,basic_block297,33196,116104
1,1,1,1,1,0,1,1,0,25054902,basic_block378,37996,262004
1,1,1,1,1,0,1,1,0,25054902,basic_block441,55898,244102
1,1,1,1,1,0,1,1,0,25054902,basic_block387,18057,281943
1,1,1,1,1,0,1,1,1,25054902,basic_block99,0,150700
1,1,1,1,1,0,1,1,0,25054902,basic_block630,17677,132923
1,1,1,1,1,0,1,1,0,25054902,basic_block774,33251,116149
1,1,1,1,1,0,1,1,0,25054902,basic_block504,17902,282098
1,1,1,1,1,0,1,1,0,25054902,basic_block882,41992,258008
1,1,1,1,1,0,1,1,0,25054902,basic_block1062,37995,112705
1,1,1,1,1,0,1,1,0,25054902,basic_block396,54271,245729
1,1,1,1,1,0,1,1,0,25054902,basic_block729,17931,131469
1,1,1,1,1,0,1,1,0,25054902,basic_block144,21079,129621
1,1,1,1,1,0,1,1,0,25054902,basic_block1134,0,0
0,1,0,0,1,1,1,1,1,25054902,basic_block522,3000,60000
1,1,1,1,1,0,1,1,1,25054902,basic_block1053,0,150700
1,1,1,1,1,0,1,1,0,25054902,basic_block1314,0,0
1,1,1,1,1,0,1,1,0,25054902,basic_block270,24252,125048
1,1,1,1,1,0,1,1,0,25054902,basic_block801,0,0
1,1,1,1,1,0,1,1,0,25054902,basic_block936,54306,245694
0,1,1,1,1,0,1,1,0,3521865,basic_block9.i60.i,0,0
1,1,1,1,1,1,1,1,1,3521865,basic_block72.i,290947,7677
1,1,0,0,1,1,1,1,1,3521865,basic_block153.i,7677,0
1,1,0,0,1,1,1,0,1,3521865,basic_block.i,1,0
1,1,0,0,1,1,1,0,0,3521865,basic_block.i75.i,49,392
1,1,0,0,1,1,1,1,1,3521865,basic_block45.i7,7714,0
0,1,0,0,1,1,1,1,0,3521865,basic_block18.i4,1,10000
0,1,1,1,1,1,1,1,1,3521865,basic_block36.i,0,0
1,1,1,1,1,1,1,1,0,3521865,basic_block126.i,0,2287
1,1,1,1,1,1,1,1,0,3521865,basic_block54.i,0,2286
0,1,1,1,1,1,1,1,0,3521865,basic_block18.i11.i,0,0
1,1,0,0,1,1,1,1,1,3521865,basic_block63.i,2323,298624
1,1,0,0,1,1,1,1,1,3521865,basic_block81.i,7677,0
1,1,1,1,1,1,1,1,1,3521865,basic_block108.i,266051,7713
1,1,0,0,1,1,1,1,1,3521865,basic_block27.i5,2286,273700
1,1,1,1,1,1,1,1,0,3521865,basic_block90.i,0,2323
1,1,1,1,1,1,1,1,0,3521865,basic_block162.i,0,2323
0,1,1,1,1,1,1,1,0,3521865,basic_block9.i10.i,0,0
1,1,0,0,1,1,1,0,0,3521865,basic_block.i59.i,49,392
1,1,0,0,1,1,1,0,0,3521865,basic_block.i43.i,49,392
1,1,1,1,1,0,1,1,1,3521865,basic_block27.i.i,0,0
0,1,0,0,1,1,1,1,0,3521865,basic_block243.i,1,49
0,1,1,1,1,0,1,1,1,3521865,basic_block18.i,0,0
1,1,0,0,1,1,1,1,1,3521865,basic_block99.i,2287,273764
1,1,0,0,1,1,1,0,0,3521865,basic_block.i35.i,49,392
1,1,0,0,1,1,1,1,1,3521865,basic_block135.i,2323,298646
1,1,0,0,1,1,1,0,0,3521865,basic_block.i.i,49,392
1,1,1,1,1,1,1,1,1,3521865,basic_block144.i,290969,7677
1,0,1,1,1,1,0,1,0,3521865,basic_block9.i2,1,0
0,1,1,1,1,0,1,1,0,3521865,basic_block27.i,0,0
1,1,1,1,1,1,1,1,1,3521865,basic_block216.i,290943,7678
1,1,1,1,1,1,1,1,1,3521865,basic_block180.i,266018,7714
1,1,0,0,1,1,1,1,1,3521865,basic_block207.i,2322,298621
1,1,0,0,1,1,1,1,0,3521865,basic_block18.i.i,1,232
1,1,0,0,1,1,1,1,1,3521865,basic_block117.i,7713,0
1,1,1,1,1,1,1,1,0,3521865,basic_block234.i,0,2322
1,1,0,0,1,1,1,0,0,3521865,basic_block.i83.i,49,392
1,1,0,0,1,1,1,0,0,3521865,basic_block.i67.i,49,392
0,1,1,1,1,1,0,1,1,3521865,basic_block45.i,0,0
1,1,0,0,1,1,1,1,0,4781068,basic_block9.i.i,1,1494
0,1,0,0,1,1,1,1,0,4781068,basic_block72.i,4412,4412
1,1,1,1,1,0,1,1,1,4781068,basic_block153.i,12854,16460
1,1,0,0,1,1,1,0,0,4781068,basic_block.i11.i.i,1494,11952
1,1,0,0,1,1,1,0,1,4781068,basic_block.i,1,0
0,1,0,0,1,1,1,1,0,4781068,basic_block18.i4,1,200000
0,1,1,1,1,1,1,1,1,4781068,basic_block36.i,0,0
1,1,1,1,1,0,1,1,0,4781068,basic_block126.i,0,4412
1,1,1,1,1,0,1,1,0,4781068,basic_block54.i,0,4412
1,1,0,0,1,1,1,0,0,4781068,basic_block.i.i.i,1494,11952
0,1,1,1,1,0,1,1,1,4781068,basic_block9.i,0,0
1,1,1,1,1,0,1,1,1,4781068,basic_block225.i,12854,16460
1,1,0,0,1,1,1,1,0,4781068,basic_block27.i5,29315,1172600
1,0,1,1,1,0,1,1,0,4781068,basic_block90.i,40572,12854
1,0,1,1,1,0,1,1,0,4781068,basic_block162.i,40572,12854
1,1,1,1,1,0,1,1,1,4781068,basic_block27.i.i,0,0
1,1,0,0,1,1,1,1,0,4781068,basic_block99.i,29315,1172600
0,1,0,0,1,1,1,0,0,4781068,basic_block243.i,1,1494
1,0,1,1,1,0,1,1,1,4781068,basic_block36.i6,4412,24902
1,1,0,0,1,1,1,1,0,4781068,basic_block135.i,4412,176480
1,1,0,0,1,1,1,1,0,4781068,basic_block171.i,29315,1172600
1,1,1,1,1,0,1,1,0,4781068,basic_block198.i,0,4412
1,1,0,0,1,1,1,0,0,4781068,basic_block.i19.i.i,1494,11952
0,1,1,1,1,1,1,1,0,4781068,basic_block9.i20.i,0,0
1,1,1,1,1,1,0,1,1,4781068,basic_block9.i2,1,0
0,1,1,1,1,0,1,1,0,4781068,basic_block27.i,0,0
0,1,0,0,1,1,1,1,0,4781068,basic_block216.i,4412,4412
1,0,1,1,1,0,1,1,1,4781068,basic_block180.i,4412,24902
1,1,0,0,1,1,1,1,0,4781068,basic_block207.i,4412,176480
0,1,1,1,1,1,1,1,0,4781068,basic_block18.i.i,0,0
1,0,1,1,1,0,1,1,0,4781068,basic_block234.i,40572,12854
0,1,1,1,1,0,1,1,0,4781068,basic_block9.i4.i.i,0,0
0,1,1,1,1,1,0,1,1,4781068,basic_block45.i,0,0
1,1,1,1,1,0,1,1,1,10,basic_block27.i.i,0,0
0,1,1,1,1,0,1,1,0,10,basic_block9.i.i,0,0
0,1,1,1,1,1,1,1,0,10,basic_block9.i2.i,0,0
0,1,1,1,1,0,1,1,1,10,basic_block9.i,0,0
1,1,0,0,1,1,1,0,0,10,basic_block.i.i,1,8
1,1,0,0,1,1,1,0,1,10,basic_block.i,1,0
0,1,1,1,1,1,1,1,0,10,basic_block18.i3.i,0,0
0,1,1,1,1,1,1,1,1,10,basic_block36.i,0,0
0,1,1,1,1,0,1,1,0,10,basic_block45.i,0,0
0,1,1,1,1,0,1,1,0,10,basic_block27.i,0,0
0,0,0,0,0,0,0,0,1,2144238,basic_block153.i,1240,0
0,0,1,1,0,1,0,0,1,2144238,basic_block441.i,110,1240
0,0,1,1,0,0,0,1,1,2144238,basic_block.i3.i.i,3419,27352
0,0,1,1,0,0,0,0,1,2144238,basic_block324.i,15800,210700
1,0,1,1,0,0,0,0,1,2144238,basic_block513.i,1240,32840
0,0,1,1,0,0,0,0,1,2144238,basic_block630.i,110,1240
0,0,1,1,0,0,0,0,1,2144238,basic_block684.i,1130,15800
0,0,1,1,0,0,0,0,1,2144238,basic_block594.i,930,28610
0,0,1,1,0,0,0,0,1,2144238,basic_block108.i,1240,17040
0,0,0,0,0,0,0,0,1,2144238,basic_block162.i,1130,110
0,0,0,0,0,0,1,0,1,2144238,basic_block,330,0
0,0,1,1,0,0,0,0,1,2144238,basic_block405.i,110,1240
0,0,1,1,0,0,0,0,1,2144238,basic_block27,330,3720
0,0,1,1,0,0,0,0,1,2144238,basic_block333.i,1240,17040
0,0,1,1,0,0,0,0,1,2144238,basic_block477.i,110,1240
1,0,1,1,0,0,0,0,0,2144238,basic_block243.i,110,1240
1,0,0,0,0,1,0,0,0,2144238,basic_block18.i,0,0
0,0,1,1,0,0,0,0,1,2144238,basic_block99.i,15800,210700
1,0,0,0,0,1,0,0,0,2144238,basic_block36.i6,110,0
0,0,0,0,0,0,0,0,1,2144238,basic_block135.i,930,310
0,0,0,0,0,1,0,0,1,2144238,basic_block639.i,1130,110
1,0,1,1,0,0,0,0,1,2144238,basic_block288.i,1240,32840
1,0,0,0,0,0,1,0,0,2144238,basic_block270.i,110,0
1,0,0,0,0,0,0,0,1,2144238,basic_block9.i47.i,0,0
0,0,1,1,0,0,0,0,1,2144238,basic_block198.i,15800,1130
0,0,1,1,0,0,0,0,1,2144238,basic_block144.i,930,28610
0,0,1,1,0,0,0,0,1,2144238,basic_block648.i,15800,1130
0,0,1,1,0,0,0,0,1,2144238,basic_block549.i,15800,210700
1,0,0,0,0,1,0,0,1,2144238,basic_block27.i,0,0
0,0,1,1,0,0,0,0,1,2144238,basic_block45,3720,98520
0,0,0,0,0,0,0,0,1,2144238,basic_block207.i,0,110
0,0,1,1,0,0,0,0,1,2144238,basic_block540.i,1240,15800
1,0,0,0,0,0,0,0,1,2144238,basic_block18.i.i,0,0
0,0,1,1,0,0,0,0,1,2144238,basic_block36,330,3720
0,0,1,1,0,0,0,0,1,2144238,basic_block117.i,17040,226500
0,0,0,0,0,1,0,0,1,2144238,basic_block414.i,1130,110
0,0,1,1,0,0,0,0,1,2144238,basic_block234.i,1130,15800
0,1,0,0,0,1,0,0,0,2144238,basic_block45.i,0,0
1,0,1,1,0,0,0,0,0,2144238,basic_block693.i,110,1240
0,0,0,0,0,0,0,0,1,2144238,basic_block585.i,930,310
0,0,0,0,0,0,0,0,0,2144238,basic_block54,30,300
0,0,1,1,0,0,0,0,1,2144238,basic_block9.i.i,1,3419
0,0,0,0,0,0,0,0,1,2144238,basic_block360.i,930,310
0,0,0,0,0,0,0,0,1,2144238,basic_block450.i,1130,110
0,0,0,0,0,0,0,0,1,2144238,basic_block387.i,1130,110
0,0,1,1,0,0,0,1,1,2144238,basic_block.i11.i.i,3419,27352
0,0,1,1,0,0,0,1,0,2144238,basic_block.i,1,0
0,0,1,1,0,0,0,0,1,2144238,basic_block531.i,110,1240
0,0,1,1,0,0,0,0,1,2144238,basic_block315.i,1240,15800
0,0,1,1,0,0,0,0,1,2144238,basic_block621.i,1130,15800
0,0,0,0,0,0,0,0,1,2144238,basic_block612.i,1130,110
1,0,0,0,0,0,0,0,0,2144238,basic_block36.i,0,0
0,0,1,1,0,0,0,0,1,2144238,basic_block54.i,110,1240
0,0,1,1,0,0,0,0,1,2144238,basic_block342.i,17040,226500
1,0,1,1,0,0,0,0,1,2144238,basic_block63.i,1240,32840
0,0,1,1,0,0,0,1,1,2144238,basic_block.i.i.i,3419,27352
0,0,0,0,0,1,0,0,1,2144238,basic_block189.i,1130,110
0,0,0,0,0,0,0,0,1,2144238,basic_block657.i,0,110
1,0,0,0,0,1,0,0,0,2144238,basic_block9.i,0,0
0,0,0,0,0,0,0,0,1,2144238,basic_block675.i,1130,110
0,0,0,0,0,0,0,0,1,2144238,basic_block225.i,1130,110
1,0,1,1,0,0,0,0,1,2144238,basic_block27.i5,1,110
0,0,1,1,0,1,0,0,1,2144238,basic_block666.i,110,1240
0,0,1,1,0,0,0,0,1,2144238,basic_block90.i,1240,15800
0,0,1,1,0,0,0,0,1,2144238,basic_block369.i,930,28610
0,0,1,1,0,0,0,0,1,2144238,basic_block252.i,110,1240
0,0,0,0,0,1,0,0,0,2144238,basic_block27.i.i,0,0
0,0,1,1,0,0,0,0,1,2144238,basic_block279.i,110,1240
0,0,1,1,0,0,0,0,1,2144238,basic_block171.i,1130,15800
0,0,1,1,0,0,0,0,1,2144238,basic_block459.i,1130,15800
1,0,0,0,0,1,0,0,0,2144238,basic_block486.i,110,0
0,0,1,1,0,0,0,0,1,2144238,basic_block423.i,15800,1130
0,0,1,1,0,0,0,0,1,2144238,basic_block180.i,110,1240
0,0,1,1,0,0,0,0,1,2144238,basic_block396.i,1130,15800
0,0,0,0,0,0,0,0,1,2144238,basic_block378.i,1240,0
0,0,1,1,0,0,0,0,1,2144238,basic_block306.i,110,1240
0,0,0,0,0,0,0,0,1,2144238,basic_block603.i,1240,0
1,0,1,1,0,0,0,0,0,2144238,basic_block468.i,110,1240
0,0,1,1,0,0,0,0,1,2144238,basic_block702.i,110,1240
1,0,0,0,0,1,0,0,1,2144238,basic_block9.i4.i.i,0,0
0,0,1,1,0,0,0,0,1,2144238,basic_block504.i,110,1240
0,1,1,1,1,0,1,1,0,7296204,basic_block9.i118.i,0,0
0,1,1,1,1,1,1,1,0,7296204,basic_block9.i49.i,0,0
1,1,0,0,1,1,1,0,0,7296204,basic_block.i77.i,600,4800
1,1,0,0,1,1,1,0,1,7296204,basic_block.i,1,0
0,1,1,1,1,1,1,1,1,7296204,basic_block36.i,0,0
0,1,1,1,1,0,1,1,1,7296204,basic_block9.i,0,0
1,1,0,0,1,1,1,0,0,7296204,basic_block.i42.i,600,4800
1,1,0,0,1,1,1,0,0,7296204,basic_block.i85.i,600,4800
1,1,0,0,1,1,1,0,0,7296204,basic_block.i141.i,600,4800
1,1,0,0,1,1,1,0,0,7296204,basic_block.i125.i,600,4800
1,1,0,0,1,1,1,0,0,7296204,basic_block.i93.i,600,4800
1,1,1,1,1,0,1,1,1,7296204,basic_block27.i.i,0,0
1,1,0,0,1,1,1,0,0,7296204,basic_block.i26.i,600,4800
1,1,0,0,1,1,1,0,0,7296204,basic_block.i133.i,600,4800
1,1,0,0,1,1,1,0,0,7296204,basic_block.i53.i,600,4800
0,1,0,0,1,1,1,0,0,7296204,basic_block.i.i,1000,600000
0,1,0,0,1,1,1,1,0,7296204,basic_block9.i19.i,600,6000
0,1,1,1,1,0,1,1,0,7296204,basic_block27.i,0,0
1,1,0,0,1,1,1,0,0,7296204,basic_block.i61.i,600,4800
1,1,0,0,1,1,1,0,0,7296204,basic_block.i34.i,600,4800
1,1,0,0,1,1,1,0,0,7296204,basic_block.i109.i,600,4800
0,1,0,0,1,0,1,1,0,7296204,basic_block.i1,1000,1
1,1,0,0,1,1,1,0,0,7296204,basic_block.i21.i,600,4800
1,1,0,0,1,1,1,0,0,7296204,basic_block.i69.i,600,4800
0,1,1,1,1,1,1,1,0,7296204,basic_block18.i50.i,0,0
1,1,0,0,1,1,1,0,0,7296204,basic_block.i101.i,600,4800
0,1,0,0,1,1,1,0,0,7296204,basic_block9.i3,1,600
0,1,1,1,1,0,1,1,0,7296204,basic_block45.i,0,0
1,0,1,1,1,0,1,1,1,135534484,basic_block198,2038036,0
1,0,1,1,1,0,1,1,0,135534484,basic_block225,466466,1571570
1,0,1,1,1,0,1,1,1,135534484,basic_block342,2038036,0
1,0,1,1,1,0,1,1,1,135534484,basic_block180,2038036,0
1,0,1,1,1,0,1,1,0,135534484,basic_block495,503503,1534533
1,0,1,1,1,0,1,1,1,135534484,basic_block576,1951950,86086
1,0,1,1,1,0,1,1,0,135534484,basic_block279,482482,1555554
1,0,1,1,1,0,1,1,1,135534484,basic_block126,2039037,0
1,0,1,1,1,0,1,1,0,135534484,basic_block243,466466,1571570
1,0,1,1,1,0,1,1,1,135534484,basic_block90,2039037,0
1,0,1,1,1,0,1,1,1,135534484,basic_block108,2039037,0
1,0,1,1,1,0,1,1,1,135534484,basic_block486,2038036,0
1,1,0,0,1,1,1,0,0,135534484,basic_block,1001,345345
1,0,1,1,1,0,1,1,0,135534484,basic_block27,467467,1571570
1,0,1,1,1,0,1,1,1,135534484,basic_block360,2038036,0
1,1,0,0,1,1,1,0,0,135534484,basic_block.i.i,12721,101768
1,0,1,1,1,0,1,1,1,135534484,basic_block468,2038036,0
0,1,1,1,1,0,1,1,0,135534484,basic_block27.i,0,0
1,1,0,0,1,1,1,1,0,135534484,basic_block9,345345,3453450
1,1,1,1,1,0,1,1,1,135534484,basic_block162,1951950,0
1,0,1,1,1,0,1,1,0,135534484,basic_block171,477477,1560559
1,0,1,1,1,0,1,1,0,135534484,basic_block45,484484,1554553
1,0,1,1,1,0,1,1,1,135534484,basic_block36,2039037,0
1,0,1,1,1,0,1,1,0,135534484,basic_block189,475475,1562561
1,0,1,1,1,0,1,1,1,135534484,basic_block216,2038036,0
1,0,1,1,1,0,1,1,0,135534484,basic_block261,471471,1566565
0,1,1,1,1,1,0,1,1,135534484,basic_block45.i,0,0
1,1,1,1,1,0,1,1,1,135534484,basic_block450,1951950,0
1,0,1,1,1,0,1,1,1,135534484,basic_block54,2039037,0
0,1,1,1,1,1,1,1,0,135534484,basic_block9.i.i,0,0
1,0,1,1,1,0,1,1,1,135534484,basic_block234,2038036,0
1,0,1,1,1,0,1,1,0,135534484,basic_block369,466466,1571570
1,0,1,1,1,0,1,1,0,135534484,basic_block315,488488,1549548
1,0,1,1,1,0,1,1,0,135534484,basic_block81,474474,1564563
1,1,0,0,1,1,1,0,1,135534484,basic_block.i,1,0
1,1,1,1,1,0,1,1,1,135534484,basic_block594,0,0
1,0,1,1,1,0,1,1,0,135534484,basic_block567,495495,1542541
1,0,1,1,1,0,1,1,0,135534484,basic_block405,481481,1556555
0,1,0,0,1,1,1,0,0,135534484,basic_block18.i4,1,12721
0,1,1,1,1,1,1,1,1,135534484,basic_block36.i,0,0
1,0,1,1,1,0,1,1,0,135534484,basic_block459,513513,1524523
1,0,1,1,1,0,1,1,0,135534484,basic_block549,479479,1558557
0,1,1,1,1,0,1,1,1,135534484,basic_block9.i,0,0
1,0,1,1,1,0,1,1,0,135534484,basic_block117,494494,1544543
1,0,1,1,1,0,1,1,0,135534484,basic_block531,468468,1569568
1,0,1,1,1,0,1,1,0,135534484,basic_block423,487487,1550549
1,1,1,1,1,0,1,1,1,135534484,basic_block306,1951950,0
1,0,1,1,1,0,1,1,1,135534484,basic_block324,2038036,0
1,0,1,1,1,0,1,1,0,135534484,basic_block297,460460,1491490
1,1,1,1,1,0,1,1,1,135534484,basic_block27.i.i,0,0
1,0,1,1,1,0,1,1,1,135534484,basic_block378,2038036,0
1,0,1,1,1,0,1,1,0,135534484,basic_block441,478478,1473472
1,0,1,1,1,0,1,1,0,135534484,basic_block585,1465464,486486
1,0,1,1,1,0,1,1,0,135534484,basic_block387,450450,1587586
1,0,1,1,1,0,1,1,0,135534484,basic_block99,463463,1575574
1,0,1,1,1,0,1,1,1,135534484,basic_block504,2038036,0
1,0,1,1,1,0,1,1,0,135534484,basic_block63,484484,1554553
1,0,1,1,1,0,1,1,0,135534484,basic_block513,484484,1553552
1,0,1,1,1,0,1,1,0,135534484,basic_block333,491491,1546545
0,1,0,0,1,0,1,1,1,135534484,basic_block9.i2,1000,1
1,0,1,1,1,0,1,1,1,135534484,basic_block396,2038036,0
0,1,1,1,1,0,1,1,0,135534484,basic_block9.i1.i,0,0
1,0,1,1,1,0,1,1,1,135534484,basic_block144,1951950,87087
1,0,1,1,1,0,1,1,0,135534484,basic_block477,492492,1545544
1,0,1,1,1,0,1,1,0,135534484,basic_block135,475475,1563562
1,0,1,1,1,0,1,1,1,135534484,basic_block522,2038036,0
1,0,1,1,1,0,1,1,1,135534484,basic_block558,2038036,0
1,0,1,1,1,0,1,1,1,135534484,basic_block72,2039037,0
1,0,1,1,1,0,1,1,1,135534484,basic_block270,2038036,0
1,0,1,1,1,0,1,1,0,135534484,basic_block18,2297295,1156155
1,0,1,1,1,0,1,1,1,135534484,basic_block432,1951950,86086
0,1,0,0,1,1,1,1,1,3976121,basic_block153.i,200,102400
1,1,0,0,1,1,1,1,0,3976121,basic_block.i2,1,512
1,1,0,0,1,1,1,1,0,3976121,basic_block108.i,200,1800
1,1,0,0,1,1,1,0,0,3976121,basic_block.i120.i,512,4096
1,1,0,0,1,1,1,1,0,3976121,basic_block162.i,200,102400
1,1,0,0,1,1,1,1,0,3976121,basic_block243.i,200,102400
0,1,1,1,1,0,1,1,1,3976121,basic_block18.i,0,0
1,1,0,0,1,1,1,1,0,3976121,basic_block99.i,200,102400
1,1,0,0,1,1,1,0,0,3976121,basic_block.i256.i,512,4096
0,1,1,1,1,1,1,1,1,3976121,basic_block36.i6,255,1
1,1,0,0,1,1,1,1,0,3976121,basic_block288.i,200,102400
1,1,0,0,1,1,1,1,0,3976121,basic_block.i.i,200,102400
1,1,0,0,1,1,1,1,0,3976121,basic_block270.i,102200,460800
1,1,0,0,1,1,1,0,0,3976121,basic_block.i128.i,512,4096
1,1,0,0,1,1,1,1,0,3976121,basic_block144.i,200,102400
0,1,1,1,1,1,1,1,0,3976121,basic_block9.i26.i,0,0
0,1,1,1,1,0,1,1,0,3976121,basic_block27.i,0,0
1,1,0,0,1,1,1,1,0,3976121,basic_block216.i,200,102400
0,1,0,0,1,1,1,1,1,3976121,basic_block207.i,200,102400
0,1,1,1,1,1,1,1,0,3976121,basic_block18.i.i,0,0
1,1,0,0,1,1,1,0,0,3976121,basic_block.i176.i,512,4096
1,1,0,0,1,1,1,0,0,3976121,basic_block.i96.i,512,4096
1,1,0,0,1,1,1,1,0,3976121,basic_block117.i,1800,102200
0,1,1,1,1,0,1,1,0,3976121,basic_block45.i,0,0
1,1,0,0,1,1,1,1,0,3976121,basic_block9.i.i,1,4096
1,1,0,0,1,1,1,0,1,3976121,basic_block.i,1,0
1,1,0,0,1,1,1,0,0,3976121,basic_block.i88.i,512,4096
0,1,1,1,1,1,1,1,1,3976121,basic_block36.i,0,0
1,1,1,1,1,1,0,1,1,3976121,basic_block18.i4,1,0
0,1,1,1,1,1,1,1,1,3976121,basic_block45.i7,255,1
1,1,0,0,1,1,1,1,0,3976121,basic_block54.i,1,512
1,1,0,0,1,1,1,1,0,3976121,basic_block126.i,102200,460800
1,1,0,0,1,1,1,0,0,3976121,basic_block.i224.i,512,4096
1,1,0,0,1,1,1,1,0,3976121,basic_block63.i,512,4608
1,1,0,0,1,1,1,0,0,3976121,basic_block.i216.i,512,4096
0,1,0,0,1,1,1,1,0,3976121,basic_block81.i,1,200
1,1,0,0,1,1,1,1,0,3976121,basic_block189.i,1800,102200
0,1,1,1,1,0,1,1,1,3976121,basic_block9.i,0,0
1,1,0,0,1,1,1,0,0,3976121,basic_block.i112.i,512,4096
1,1,0,0,1,1,1,0,0,3976121,basic_block.i152.i,512,4096
0,1,0,0,1,1,1,1,0,3976121,basic_block27.i5,1,256
1,1,0,0,1,1,1,0,0,3976121,basic_block.i240.i,512,4096
1,1,0,0,1,1,1,0,0,3976121,basic_block.i192.i,512,4096
1,1,0,0,1,1,1,1,0,3976121,basic_block252.i,200,1800
1,1,0,0,1,1,1,0,0,3976121,basic_block.i208.i,512,4096
1,1,1,1,1,0,1,1,1,3976121,basic_block27.i.i,0,0
0,1,0,0,1,1,1,1,1,3976121,basic_block279.i,200,102400
1,1,0,0,1,1,1,0,0,3976121,basic_block.i104.i,512,4096
1,1,0,0,1,1,1,1,0,3976121,basic_block171.i,200,102400
0,1,1,1,1,0,1,1,0,3976121,basic_block9.i241.i,0,0
1,1,0,0,1,1,1,0,0,3976121,basic_block.i160.i,512,4096
1,1,0,0,1,1,1,1,0,3976121,basic_block.i56.i,200,102400
1,1,0,0,1,1,1,1,0,3976121,basic_block180.i,200,1800
1,1,0,0,1,1,1,0,0,3976121,basic_block.i144.i,512,4096
1,1,0,0,1,1,1,0,0,3976121,basic_block.i82.i,512,4096
1,1,0,0,1,1,1,0,0,3976121,basic_block.i168.i,512,4096
1,1,0,0,1,1,1,1,0,3976121,basic_block261.i,1800,102200
1,1,0,0,1,1,1,0,0,3976121,basic_block.i184.i,512,4096
0,1,1,1,1,1,0,1,1,3976121,basic_block9.i3,1,0
1,1,0,0,1,1,1,0,0,3976121,basic_block.i264.i,512,4096
1,1,0,0,1,1,1,1,0,3976121,basic_block.i38.i,200,102400
0,1,0,0,1,1,1,1,1,3976121,basic_block297.i,200,102400
1,1,1,1,1,0,1,1,1,9984222,basic_block27.i.i,0,0
0,1,1,1,1,1,1,1,0,9984222,basic_block9.i.i,0,0
1,1,0,0,1,1,1,1,0,9984222,basic_block99.i,100,7680000
0,1,1,1,1,0,1,1,1,9984222,basic_block18.i,0,0
1,1,1,1,1,1,1,1,1,9984222,basic_block72.i,0,1
1,1,0,0,1,1,1,1,0,9984222,basic_block36.i6,1,0
1,1,0,0,1,1,1,0,0,9984222,basic_block.i.i,230400,1843200
1,1,0,0,1,1,1,0,1,9984222,basic_block.i,1,0
1,1,0,0,1,0,1,1,0,9984222,basic_block45.i7,3,1
0,1,1,1,1,1,1,1,1,9984222,basic_block36.i,0,0
1,1,0,0,1,1,1,1,0,9984222,basic_block18.i4,1,1
1,0,0,0,1,0,1,1,0,9984222,basic_block54.i,1,1
0,1,1,1,1,0,1,1,0,9984222,basic_block27.i,0,0
1,1,0,0,1,0,1,1,0,9984222,basic_block63.i,3,1
0,1,1,1,1,1,0,1,1,9984222,basic_block81.i,1,0
0,1,1,1,1,1,1,1,0,9984222,basic_block18.i.i,0,0
0,1,0,0,1,1,1,1,0,9984222,basic_block108.i,1,230400
1,1,0,0,1,0,1,1,0,9984222,basic_block27.i5,3,1
1,1,0,0,1,1,1,1,0,9984222,basic_block90.i,1,100
0,1,1,1,1,0,1,1,0,9984222,basic_block9.i3.i,0,0
1,1,1,1,1,0,1,1,1,259158740,basic_block27.i.i,0,0
0,1,1,1,1,1,1,1,0,259158740,basic_block9.i.i,0,0
0,1,1,1,1,0,1,1,1,259158740,basic_block18.i,0,0
1,1,0,0,1,1,1,0,1,259158740,basic_block.i,1,0
0,1,0,0,1,0,1,1,1,259158740,basic_block9.i2,1000,1
0,1,0,0,1,1,1,0,0,259158740,basic_block18.i4,1,8192
0,1,1,1,1,1,1,1,1,259158740,basic_block36.i,0,0
0,1,1,1,1,0,1,1,0,259158740,basic_block27.i,0,0
1,1,0,0,1,1,1,1,0,259158740,basic_block9,256256,65601536
0,1,1,1,1,0,1,1,0,259158740,basic_block9.i1.i,0,0
1,0,1,1,1,0,1,1,0,259158740,basic_block45,0,256256
0,1,1,1,1,0,1,1,1,259158740,basic_block9.i,0,0
0,1,1,1,1,1,1,1,0,259158740,basic_block18.i.i,0,0
1,1,1,1,1,1,1,1,0,259158740,basic_block36,57401344,8200192
1,1,1,1,1,0,1,1,1,259158740,basic_block18,61501440,4100096
1,1,0,0,1,1,1,0,0,259158740,basic_block,1001,256256
1,1,1,1,1,1,1,1,1,259158740,basic_block27,28737709,32763731
0,1,1,1,1,1,0,1,1,259158740,basic_block45.i,0,0
1,1,1,1,1,1,1,1,1,6562405,basic_block72.i,4150,600
1,1,1,1,1,0,1,1,0,6562405,basic_block153.i,2750,0
1,1,0,0,1,1,1,0,0,6562405,basic_block.i174.i,200,1600
1,1,0,0,1,1,1,0,0,6562405,basic_block.i158.i,200,1600
0,1,0,0,1,1,1,0,0,6562405,basic_block432.i,1,200
1,1,0,0,1,1,1,0,0,6562405,basic_block.i190.i,200,1600
1,0,1,1,1,0,1,1,0,6562405,basic_block108.i,2750,0
1,1,0,0,1,1,1,0,0,6562405,basic_block.i110.i,200,1600
0,1,1,1,1,1,1,1,0,6562405,basic_block18.i20.i,0,0
1,1,0,0,1,1,1,1,1,6562405,basic_block,0,2977650
1,1,1,1,1,0,1,1,1,6562405,basic_block405.i,0,2750
0,1,1,1,1,0,1,1,1,6562405,basic_block18.i,0,0
0,1,1,1,1,1,1,1,0,6562405,basic_block99.i,2750,1400
1,0,1,1,1,0,1,1,0,6562405,basic_block243.i,2750,0
1,1,1,1,1,0,1,1,0,6562405,basic_block36.i6,2000,7500
1,1,1,1,1,0,1,1,1,6562405,basic_block135.i,0,2750
1,1,0,0,1,1,1,0,0,6562405,basic_block.i.i,200,1600
1,1,1,1,1,0,1,1,0,6562405,basic_block288.i,2750,0
1,1,1,1,1,0,1,1,1,6562405,basic_block270.i,0,2750
1,1,1,1,1,1,1,1,0,6562405,basic_block144.i,0,0
1,1,0,0,1,1,1,0,0,6562405,basic_block.i10,200,1600
1,1,1,1,1,1,1,1,1,6562405,basic_block9,2882700,94950
0,1,1,1,1,0,1,1,0,6562405,basic_block27.i,0,0
1,1,1,1,1,1,1,1,1,6562405,basic_block45,101700,39150
1,1,1,1,1,1,1,1,1,6562405,basic_block207.i,4150,600
1,1,0,0,1,1,1,0,0,6562405,basic_block.i78.i,200,1600
1,1,1,1,1,1,1,1,0,6562405,basic_block414.i,0,0
0,1,1,1,1,1,1,1,0,6562405,basic_block234.i,2750,1400
1,1,0,0,1,1,1,0,0,6562405,basic_block.i142.i,200,1600
0,1,1,1,1,1,0,1,1,6562405,basic_block45.i,0,0
1,1,0,0,1,1,1,0,0,6562405,basic_block.i150.i,200,1600
1,1,0,0,1,1,1,0,0,6562405,basic_block.i70.i,200,1600
1,1,0,0,1,1,1,0,0,6562405,basic_block.i86.i,200,1600
1,1,0,0,1,1,1,1,1,6562405,basic_block54,39150,0
1,1,0,0,1,1,1,0,0,6562405,basic_block.i118.i,200,1600
0,0,1,1,1,1,0,1,1,6562405,basic_block9.i.i,1,0
1,1,0,0,1,1,1,0,0,6562405,basic_block.i134.i,200,1600
1,1,0,0,1,1,1,0,0,6562405,basic_block.i17,200,1600
1,1,0,0,1,1,1,0,1,6562405,basic_block.i,1,0
1,1,0,0,1,1,1,0,0,6562405,basic_block.i102.i,200,1600
1,1,1,1,1,1,1,1,1,6562405,basic_block315.i,4750,2750
1,1,0,0,1,1,1,0,0,6562405,basic_block.i126.i,200,1600
1,1,0,0,1,1,1,0,0,6562405,basic_block.i166.i,200,1600
1,1,0,0,1,1,1,0,0,6562405,basic_block.i182.i,200,1600
0,1,1,1,1,1,1,1,1,6562405,basic_block36.i,0,0
0,1,0,0,1,1,1,1,0,6562405,basic_block18.i4,1,10000
1,1,1,1,1,1,1,1,1,6562405,basic_block45.i7,4750,2750
1,0,1,1,1,1,1,1,0,6562405,basic_block126.i,4150,0
1,1,1,1,1,1,1,1,1,6562405,basic_block342.i,4150,600
1,0,1,1,1,0,1,1,1,6562405,basic_block27.i5,500,9500
0,1,1,1,1,1,1,1,0,6562405,basic_block369.i,2750,1400
0,1,1,1,1,0,1,1,0,6562405,basic_block9.i191.i,0,0
1,1,0,0,1,1,1,0,0,6562405,basic_block.i25,200,1600
1,1,1,1,1,1,1,1,0,6562405,basic_block279.i,0,0
1,1,1,1,1,0,1,1,0,6562405,basic_block171.i,2000,7500
0,1,1,1,1,1,1,1,0,6562405,basic_block9.i19.i,0,0
1,1,0,0,1,1,1,0,0,6562405,basic_block81.i.i,1,200
1,1,1,1,1,0,1,1,0,6562405,basic_block423.i,2750,0
1,0,1,1,1,1,1,1,0,6562405,basic_block396.i,4150,0
1,0,1,1,1,0,1,1,0,6562405,basic_block378.i,2750,0
1,1,1,1,1,0,1,1,0,6562405,basic_block306.i,2000,7500
1,1,0,0,1,1,1,0,0,6562405,basic_block.i94.i,200,1600
1,0,1,1,1,1,1,1,0,6562405,basic_block261.i,4150,0
1,1,1,1,1,0,1,1,1,6562405,basic_block27.i21.i,0,0
1,1,0,0,1,1,1,1,1,6562405,basic_block18,94950,0
1,0,1,1,1,0,1,1,1,6562405,basic_block297.i,500,9500
1,1,0,0,1,1,1,0,0,852136,basic_block.i107.i,1,8
1,0,1,1,1,1,1,1,1,852136,basic_block72.i,575,9425
1,1,0,0,1,1,1,0,1,852136,basic_block.i,1,0
1,1,0,0,1,1,1,0,0,852136,basic_block.i91.i,1,8
1,1,0,0,1,1,1,0,0,852136,basic_block.i75.i,1,8
1,1,0,0,1,1,1,1,0,852136,basic_block45.i7,10000,80000
0,1,0,0,1,1,1,0,0,852136,basic_block18.i4,1,10000
0,1,1,1,1,1,1,1,1,852136,basic_block36.i,0,0
1,1,0,0,1,1,1,1,0,852136,basic_block126.i,10000,70000
1,1,0,0,1,1,1,1,0,852136,basic_block54.i,10000,80000
1,1,1,1,1,0,1,1,0,852136,basic_block63.i,575,9425
1,1,0,0,1,1,1,1,0,852136,basic_block81.i,10000,70000
0,1,1,1,1,0,1,1,1,852136,basic_block9.i,0,0
1,1,1,1,1,0,1,1,0,852136,basic_block108.i,575,9425
1,0,1,1,1,1,1,1,1,852136,basic_block27.i5,575,9425
1,1,0,0,1,1,1,1,0,852136,basic_block90.i,10000,80000
1,1,0,0,1,1,1,0,0,852136,basic_block.i59.i,1,8
1,1,0,0,1,1,1,0,0,852136,basic_block.i43.i,1,8
1,1,1,1,1,0,1,1,1,852136,basic_block27.i.i,0,0
0,1,1,1,1,0,1,1,1,852136,basic_block18.i,0,0
1,1,0,0,1,1,1,1,0,852136,basic_block99.i,10000,80000
1,1,0,0,1,1,1,0,0,852136,basic_block.i35.i,1,8
0,1,1,1,1,1,1,1,0,852136,basic_block9.i11.i,0,0
1,1,0,0,1,1,1,1,0,852136,basic_block36.i6,10000,70000
1,1,0,0,1,1,1,1,0,852136,basic_block135.i,10000,80000
1,1,0,0,1,1,1,0,0,852136,basic_block.i.i,1,8
0,1,1,1,1,0,1,1,0,852136,basic_block9.i92.i,0,0
1,1,0,0,1,1,1,1,0,852136,basic_block144.i,10000,80000
1,1,1,1,1,1,0,1,1,852136,basic_block9.i2,1,0
0,1,1,1,1,0,1,1,0,852136,basic_block27.i,0,0
0,1,1,1,1,1,1,1,0,852136,basic_block18.i.i,0,0
1,0,1,1,1,1,1,1,1,852136,basic_block117.i,575,9425
1,1,0,0,1,1,1,0,0,852136,basic_block.i51.i,1,8
1,1,0,0,1,1,1,0,0,852136,basic_block.i83.i,1,8
1,1,0,0,1,1,1,0,0,852136,basic_block.i67.i,1,8
0,1,1,1,1,1,0,1,1,852136,basic_block45.i,0,0
1,1,1,1,1,1,1,1,0,0,basic_block27.i.i,0,0
0,1,0,0,1,1,1,0,0,0,basic_block99.i,0,0
1,1,1,1,1,0,1,1,0,0,basic_block9.i.i,0,0
0,1,1,1,1,0,1,1,1,0,basic_block18.i,0,0
0,1,1,1,1,1,1,1,1,0,basic_block72.i,0,0
1,1,0,0,1,1,1,1,1,0,basic_block36.i6,0,0
1,1,0,0,1,1,1,1,0,0,basic_block.i.i,0,0
1,1,0,0,1,1,1,0,1,0,basic_block.i,0,0
1,1,0,0,1,1,1,0,0,0,basic_block.i3.i.i,0,0
0,1,1,1,1,1,1,1,0,0,basic_block18.i6.i,0,0
0,1,1,1,1,1,1,1,1,0,basic_block9.i2,0,0
0,1,1,1,1,1,1,1,1,0,basic_block36.i,0,0
1,1,0,0,1,1,1,1,1,0,basic_block54.i,0,0
0,1,1,1,1,0,1,1,0,0,basic_block27.i,0,0
0,1,1,1,1,1,1,1,0,0,basic_block9.i5.i,0,0
1,1,1,1,1,1,1,1,0,0,basic_block63.i,0,0
1,1,0,0,1,1,1,0,0,0,basic_block.i.i.i,0,0
0,1,1,1,1,0,1,1,1,0,basic_block9.i,0,0
1,1,1,1,1,1,1,1,1,0,basic_block18.i.i,0,0
0,1,1,1,1,0,1,1,0,0,basic_block27.i4,0,0
1,1,1,1,1,0,1,1,1,0,basic_block27.i7.i,0,0
0,1,0,0,1,1,1,1,1,0,basic_block90.i,0,0
0,1,1,1,1,0,1,1,0,0,basic_block9.i4.i.i,0,0
0,1,1,1,1,1,0,1,1,0,basic_block45.i,0,0
1,1,1,1,1,1,1,1,1,0,basic_block18.i3,0,0
0,0,0,0,0,0,0,0,0,2,basic_block27.i.i.i,0,0
1,0,1,1,0,1,0,0,0,2,basic_block36.i.i,0,0
0,0,1,1,0,0,1,0,0,2,basic_block18.i.i5.i,0,0
0,0,0,0,0,0,1,0,1,2,basic_block9.i39.i,0,0
0,0,1,1,0,0,0,1,1,2,basic_block.i62.i,0,0
1,0,0,0,0,0,1,0,0,2,basic_block36.i11.i.i,0,0
1,0,0,0,0,1,0,0,1,2,basic_block9.i71.i,0,0
0,0,0,0,0,1,0,0,1,2,basic_block108.i,0,0
0,0,1,1,0,0,0,1,1,2,basic_block.i46.i,0,0
0,1,0,0,0,1,0,0,1,2,basic_block,0,0
0,0,1,1,0,0,0,0,1,2,basic_block27.i21.i.i,0,0
1,1,0,0,0,1,0,0,1,2,basic_block99.i,0,0
0,0,1,1,0,0,0,1,1,2,basic_block.i.i,0,0
1,0,1,1,0,0,0,1,1,2,basic_block36.i23.i.i,0,0
0,0,0,0,0,1,0,0,0,2,basic_block9,0,0
1,0,0,0,0,1,0,0,1,2,basic_block27.i,0,0
0,0,1,1,0,0,0,1,1,2,basic_block.i9.i,0,0
0,0,0,0,0,0,1,0,0,2,basic_block99.i.i,0,0
0,0,0,0,0,0,1,0,0,2,basic_block45,0,0
0,0,1,1,0,0,0,1,1,2,basic_block.i78.i,0,0
1,0,1,1,0,0,1,0,0,2,basic_block18.i.i,0,0
1,0,1,1,0,0,0,0,0,2,basic_block117.i,0,0
1,0,0,0,0,0,1,0,1,2,basic_block27.i10.i.i,0,0
1,0,0,0,0,0,0,0,1,2,basic_block9.i101.i,0,0
0,0,1,1,0,0,0,1,1,2,basic_block.i54.i,0,0
0,0,1,1,0,0,0,0,1,2,basic_block9.i.i.i,0,0
1,0,0,0,0,1,0,0,1,2,basic_block45.i,0,0
0,0,1,1,0,0,0,1,1,2,basic_block.i70.i,0,0
1,0,1,1,0,0,1,0,0,2,basic_block117.i.i,0,0
1,0,0,0,0,0,1,0,1,2,basic_block45.i.i.i,0,0
1,0,1,1,0,0,0,1,1,2,basic_block18.i9.i.i,0,0
0,0,1,1,0,0,0,1,1,2,basic_block36.i.i.i,0,0
0,0,1,1,0,0,1,0,1,2,basic_block9.i.i,0,0
1,0,0,0,0,1,0,0,0,2,basic_block9.i4,0,0
1,0,0,0,0,0,0,0,1,2,basic_block18.i102.i,0,0
0,0,1,1,0,0,0,1,0,2,basic_block.i,1,0
0,0,1,1,0,0,1,1,1,2,basic_block.i3.i,0,0
0,0,1,1,0,0,0,0,1,2,basic_block18.i19.i.i,0,0
1,0,0,0,0,1,0,0,1,2,basic_block36.i7,0,0
1,0,1,1,0,0,1,0,0,2,basic_block36.i.i7.i,0,0
1,0,0,0,0,0,0,0,0,2,basic_block36.i,0,0
1,0,0,0,0,1,0,0,1,2,basic_block54.i,0,0
0,0,0,0,0,0,0,0,0,2,basic_block18.i.i.i,0,0
1,0,1,1,0,0,0,1,1,2,basic_block126.i,0,0
1,1,0,0,0,1,0,0,1,2,basic_block63.i,0,0
0,0,1,1,0,0,0,1,1,2,basic_block.i22.i,0,0
0,0,1,1,0,0,0,0,1,2,basic_block.i.i.i,0,0
0,0,1,1,0,0,0,1,1,2,basic_block.i30.i,0,0
0,1,0,0,0,0,1,0,1,2,basic_block108.i.i,0,0
0,0,0,0,0,1,0,0,1,2,basic_block90.i,0,0
0,0,0,0,0,1,0,0,0,2,basic_block27.i.i,0,0
0,0,1,1,0,0,0,1,1,2,basic_block.i14.i,0,0
1,0,0,0,0,1,0,0,0,2,basic_block27.i6,0,0
0,0,0,0,0,0,0,0,1,2,basic_block72.i.i,0,0
0,0,1,1,0,0,1,0,1,2,basic_block27.i.i6.i,0,0
0,1,0,0,0,0,1,0,0,2,basic_block81.i.i,0,0
0,0,1,1,0,0,0,0,1,2,basic_block.i6.i.i,0,0
0,0,1,1,0,0,0,1,1,2,basic_block.i94.i,0,0
0,0,1,1,0,0,0,0,0,2,basic_block18,0,0
0,0,1,1,0,0,0,0,1,2,basic_block9.i7.i.i,0,0
0,0,1,1,0,0,0,1,1,2,basic_block.i38.i,0,0
1,1,0,0,1,1,1,1,0,12795823,basic_block9.i.i,1,178
0,1,1,1,1,1,1,1,0,12795823,basic_block18.i19.i,0,0
1,1,0,0,1,1,1,1,1,12795823,basic_block72.i,0,852374
1,1,0,0,1,1,1,1,1,12795823,basic_block153.i,126,2302
1,1,0,0,1,1,1,0,0,12795823,basic_block.i11.i.i,178,1424
1,1,0,0,1,1,1,0,1,12795823,basic_block.i,1,0
1,1,0,0,1,1,1,0,0,12795823,basic_block.i3.i.i,178,1424
1,1,1,1,1,0,1,1,1,12795823,basic_block45.i7,847553,2428
0,1,0,0,1,1,1,1,0,12795823,basic_block18.i4,1,2500
0,1,1,1,1,1,1,1,1,12795823,basic_block36.i,0,0
1,1,0,0,1,1,1,1,1,12795823,basic_block63.i,126,2302
1,1,0,0,1,1,1,0,0,12795823,basic_block.i.i.i,178,1424
1,1,0,0,1,1,1,1,1,12795823,basic_block81.i,850000,2374
0,1,1,1,1,0,1,1,1,12795823,basic_block9.i,0,0
1,1,1,1,1,0,1,1,1,12795823,basic_block225.i,847546,2428
1,1,0,0,1,1,1,1,1,12795823,basic_block108.i,126,2303
1,1,0,0,1,1,1,1,1,12795823,basic_block27.i5,0,852355
1,1,1,1,1,0,1,1,1,12795823,basic_block90.i,847571,2429
1,1,0,0,1,1,1,1,1,12795823,basic_block162.i,0,852541
1,1,1,1,1,0,1,1,1,12795823,basic_block27.i20.i,0,0
0,1,0,0,1,1,1,0,0,12795823,basic_block252.i,1,178
1,1,0,0,1,1,1,1,1,12795823,basic_block243.i,126,2302
1,1,0,0,1,1,1,1,1,12795823,basic_block36.i6,849981,2374
1,1,1,1,1,0,1,1,1,12795823,basic_block135.i,847540,2428
0,1,1,1,1,1,1,1,0,12795823,basic_block9.i18.i,0,0
1,1,0,0,1,1,1,1,1,12795823,basic_block171.i,850167,2374
1,1,0,0,1,1,1,1,1,12795823,basic_block198.i,126,2303
1,1,0,0,1,1,1,0,0,12795823,basic_block.i19.i.i,178,1424
1,1,0,0,1,1,1,1,0,12795823,basic_block45.i.i,1,400
1,1,1,1,1,1,0,1,1,12795823,basic_block9.i2,1,0
0,1,1,1,1,0,1,1,0,12795823,basic_block27.i,0,0
1,1,0,0,1,1,1,1,1,12795823,basic_block216.i,849974,2374
1,1,1,1,1,0,1,1,1,12795823,basic_block180.i,847738,2429
1,1,0,0,1,1,1,1,1,12795823,basic_block207.i,0,852348
1,0,1,1,1,1,0,1,0,12795823,basic_block18.i.i,1,0
1,1,0,0,1,1,1,1,1,12795823,basic_block117.i,0,852342
0,1,1,1,1,0,1,1,0,12795823,basic_block9.i4.i.i,0,0
0,1,1,1,1,1,0,1,1,12795823,basic_block45.i,0,0
0,1,1,1,1,1,1,1,0,0,basic_block9.i.i,0,0
1,1,0,0,1,1,1,0,0,0,basic_block36.i35.i,0,0
1,1,0,0,1,1,1,1,0,0,basic_block36.i.i,0,0
0,1,1,1,1,1,1,1,1,0,basic_block72.i,0,0
1,1,0,0,1,1,1,1,0,0,basic_block.i27.i,0,0
1,1,0,0,1,1,1,0,1,0,basic_block.i,0,0
1,1,0,0,1,1,1,0,0,0,basic_block.i3.i.i,0,0
1,1,0,0,1,1,1,1,0,0,basic_block18.i9.i,0,0
0,1,1,1,1,1,1,1,1,0,basic_block36.i,0,0
1,1,0,0,1,1,1,1,1,0,basic_block63.i,0,0
1,1,0,0,1,1,1,0,0,0,basic_block.i.i.i,0,0
0,1,0,0,1,1,1,0,0,0,basic_block81.i,0,0
0,1,1,1,1,0,1,1,1,0,basic_block9.i,0,0
0,1,1,1,1,1,1,1,1,0,basic_block108.i.i,0,0
1,1,1,1,1,1,0,1,1,0,basic_block27.i40.i,0,0
1,1,0,0,1,1,1,1,0,0,basic_block45.i8,0,0
1,1,1,1,1,0,1,1,1,0,basic_block27.i.i,0,0
0,1,1,1,1,0,1,1,1,0,basic_block18.i,0,0
1,1,1,1,1,0,1,1,1,0,basic_block36.i6,0,0
1,1,0,0,1,1,1,1,0,0,basic_block.i.i,0,0
1,1,0,0,1,1,1,1,0,0,basic_block45.i.i,0,0
1,1,0,0,1,1,1,1,0,0,basic_block54.i45.i,0,0
0,1,1,1,1,1,1,1,1,0,basic_block72.i.i,0,0
1,1,0,0,1,1,1,1,0,0,basic_block81.i.i,0,0
0,1,1,1,1,0,1,1,0,0,basic_block27.i,0,0
1,1,0,0,1,1,1,1,0,0,basic_block36.i42.i,0,0
1,1,0,0,1,1,1,1,0,0,basic_block27.i33.i,0,0
1,1,0,0,1,1,1,1,0,0,basic_block9.i29.i,0,0
0,1,1,1,1,1,1,1,0,0,basic_block18.i.i,0,0
0,1,1,1,1,0,1,1,0,0,basic_block9.i4.i.i,0,0
1,1,1,1,1,1,1,1,0,0,basic_block9.i3,0,0
0,1,1,1,1,1,0,1,1,0,basic_block45.i,0,0
1,1,0,0,1,1,1,0,0,0,basic_block54.i.i,0,0
1,1,0,0,1,1,1,1,0,0,basic_block18.i31.i,0,0
1,1,0,0,1,1,1,0,0,3360007,basic_block.i221.i,512,4096
1,1,0,0,1,1,1,0,0,3360007,basic_block.i245.i,512,4096
0,1,0,0,1,1,1,1,0,3360007,basic_block72.i,1,200
1,1,0,0,1,1,1,0,0,3360007,basic_block.i197.i,512,4096
1,1,0,0,1,1,1,1,0,3360007,basic_block153.i,200,1800
1,1,0,0,1,1,1,0,0,3360007,basic_block.i117.i,512,4096
1,1,0,0,1,1,1,0,0,3360007,basic_block.i141.i,512,4096
1,1,0,0,1,1,1,0,0,3360007,basic_block.i125.i,512,4096
1,1,0,0,1,1,1,1,0,3360007,basic_block108.i,1800,102200
1,1,0,0,1,1,1,1,0,3360007,basic_block162.i,1800,102200
0,1,0,0,1,1,1,0,0,3360007,basic_block243.i,1,512
0,1,1,1,1,0,1,1,1,3360007,basic_block18.i,0,0
1,1,0,0,1,1,1,1,0,3360007,basic_block99.i,200,1800
0,1,1,1,1,1,1,1,1,3360007,basic_block36.i6,255,1
1,1,0,0,1,1,1,1,0,3360007,basic_block.i.i,200,102400
1,1,0,0,1,1,1,0,0,3360007,basic_block.i157.i,512,4096
1,1,0,0,1,1,1,1,0,3360007,basic_block144.i,200,102400
0,1,1,1,1,0,1,1,0,3360007,basic_block27.i,0,0
1,1,0,0,1,1,1,0,0,3360007,basic_block.i189.i,512,4096
1,1,0,0,1,1,1,1,0,3360007,basic_block216.i,1800,102200
1,1,0,0,1,1,1,1,0,3360007,basic_block207.i,200,1800
0,1,1,1,1,1,1,1,0,3360007,basic_block18.i.i,0,0
1,1,0,0,1,1,1,1,0,3360007,basic_block117.i,102200,460800
0,1,0,0,1,1,1,1,1,3360007,basic_block234.i,200,102400
1,1,0,0,1,1,1,0,0,3360007,basic_block.i69.i,512,4096
1,1,0,0,1,1,1,0,0,3360007,basic_block.i101.i,512,4096
0,1,1,1,1,1,0,1,1,3360007,basic_block45.i,0,0
1,1,0,0,1,1,1,1,0,3360007,basic_block9.i.i,1,4096
1,1,0,0,1,1,1,0,1,3360007,basic_block.i,1,0
1,1,0,0,1,1,1,1,0,3360007,basic_block.i27.i,200,102400
1,1,0,0,1,1,1,0,0,3360007,basic_block.i77.i,512,4096
0,1,1,1,1,1,1,1,1,3360007,basic_block36.i,0,0
0,1,0,0,1,1,1,1,0,3360007,basic_block18.i4,1,256
1,1,0,0,1,1,1,1,0,3360007,basic_block45.i7,1,512
1,1,0,0,1,1,1,0,0,3360007,basic_block.i63.i,512,4096
1,1,0,0,1,1,1,1,0,3360007,basic_block54.i,512,4608
1,1,0,0,1,1,1,0,0,3360007,basic_block.i173.i,512,4096
1,1,0,0,1,1,1,1,0,3360007,basic_block81.i,200,102400
1,1,0,0,1,1,1,1,0,3360007,basic_block189.i,200,102400
1,1,0,0,1,1,1,0,0,3360007,basic_block.i85.i,512,4096
1,1,0,0,1,1,1,1,0,3360007,basic_block225.i,102200,460800
0,1,1,1,1,1,1,1,1,3360007,basic_block27.i5,255,1
1,1,0,0,1,1,1,0,0,3360007,basic_block.i93.i,512,4096
1,1,0,0,1,1,1,0,0,3360007,basic_block.i237.i,512,4096
1,1,0,0,1,1,1,0,0,3360007,basic_block.i165.i,512,4096
1,1,1,1,1,0,1,1,1,3360007,basic_block27.i.i,0,0
1,1,0,0,1,1,1,1,0,3360007,basic_block.i41.i,200,102400
1,1,0,0,1,1,1,1,0,3360007,basic_block171.i,102200,460800
1,1,1,1,1,1,0,1,1,3360007,basic_block9.i2,1,0
1,1,0,0,1,1,1,0,0,3360007,basic_block.i181.i,512,4096
1,1,0,0,1,1,1,0,0,3360007,basic_block.i229.i,512,4096
0,1,0,0,1,1,1,1,1,3360007,basic_block180.i,200,102400
1,1,0,0,1,1,1,0,0,3360007,basic_block.i109.i,512,4096
0,1,1,1,1,0,1,1,0,3360007,basic_block9.i222.i,0,0
1,1,0,0,1,1,1,0,0,3360007,basic_block.i213.i,512,4096
1,1,0,0,1,1,1,0,0,3360007,basic_block.i205.i,512,4096
1,1,0,0,1,1,1,1,0,2051439,basic_block9.i.i,1,1000
1,1,0,0,1,1,1,1,0,2051439,basic_block72.i,1,35
1,1,0,0,1,1,1,0,0,2051439,basic_block.i146.i,1,8
1,1,0,0,1,1,1,0,0,2051439,basic_block.i162.i,1,8
1,1,0,0,1,1,1,0,0,2051439,basic_block.i66.i,1,8
1,1,0,0,1,1,1,0,0,2051439,basic_block.i218.i,1,8
1,1,0,0,1,1,1,0,0,2051439,basic_block.i58.i,1,8
1,1,0,0,1,1,1,0,0,2051439,basic_block.i194.i,1,8
1,1,0,0,1,1,1,0,0,2051439,basic_block.i90.i,1,8
1,1,0,0,1,1,1,0,0,2051439,basic_block.i202.i,1,8
1,1,0,0,1,1,1,1,0,2051439,basic_block45.i7,1,35
0,1,1,1,1,1,1,1,1,2051439,basic_block36.i,0,0
0,1,0,0,1,1,1,0,0,2051439,basic_block126.i,1,10000
0,0,1,1,1,1,0,1,1,2051439,basic_block54.i,1,0
1,1,0,0,1,1,1,0,0,2051439,basic_block.i186.i,1,8
1,1,0,0,1,1,1,0,0,2051439,basic_block.i138.i,1,8
1,1,0,0,1,1,1,1,0,2051439,basic_block81.i,1,35
1,1,0,0,1,1,1,0,0,2051439,basic_block.i98.i,1,8
1,1,0,0,1,1,1,0,0,2051439,basic_block.i154.i,1,8
1,1,0,0,1,1,1,1,0,2051439,basic_block108.i,1,35
0,0,1,1,1,1,0,1,1,2051439,basic_block90.i,1,0
1,1,0,0,1,1,1,1,0,2051439,basic_block162.i,10000,330000
1,1,0,0,1,1,1,0,0,2051439,basic_block.i74.i,1,8
0,0,1,1,1,1,0,1,1,2051439,basic_block18.i3,1,0
1,1,1,1,1,0,1,1,1,2051439,basic_block27.i.i,0,0
0,1,1,1,1,0,1,1,1,2051439,basic_block18.i,0,0
1,1,0,0,1,1,1,0,0,2051439,basic_block.i226.i,1,8
1,1,0,0,1,1,1,0,0,2051439,basic_block.i170.i,1,8
1,1,0,0,1,1,1,0,0,2051439,basic_block.i130.i,1,8
1,1,0,0,1,1,1,1,0,2051439,basic_block36.i6,1,35
1,1,0,0,1,1,1,1,0,2051439,basic_block135.i,10000,330000
1,1,0,0,1,1,1,0,0,2051439,basic_block.i.i,1,8
1,1,0,0,1,1,1,0,0,2051439,basic_block.i210.i,1,8
1,1,0,0,1,1,1,1,0,2051439,basic_block144.i,10000,330000
1,1,0,0,1,1,1,0,0,2051439,basic_block.i106.i,1,8
1,1,0,0,1,1,1,0,0,2051439,basic_block.i114.i,1,8
1,1,1,1,1,1,0,1,1,2051439,basic_block9.i2,1,0
1,1,0,0,1,1,1,0,0,2051439,basic_block.i234.i,1,8
1,1,0,0,1,1,1,1,0,2051439,basic_block180.i,10000,330000
0,1,1,1,1,1,1,1,0,2051439,basic_block18.i.i,0,0
1,1,0,0,1,1,1,1,0,2051439,basic_block117.i,1,35
0,1,1,1,1,1,1,1,0,2051439,basic_block9.i25.i,0,0
0,1,1,1,1,1,0,1,1,2051439,basic_block45.i,0,0
0,1,1,1,1,0,1,1,0,2051439,basic_block9.i211.i,0,0
1,1,0,0,1,1,1,0,0,2051439,basic_block.i178.i,1,8
1,1,0,0,1,1,1,0,0,380853,basic_block.i105.i,1,8
1,1,1,1,1,1,1,1,0,380853,basic_block450.i,3400,505
1,1,0,0,1,1,1,0,0,380853,basic_block.i65.i,1,8
1,1,0,0,1,1,1,1,0,380853,basic_block72.i,1,3
0,1,1,1,1,1,1,1,0,380853,basic_block9.i14.i,0,0
1,1,0,0,1,1,1,0,1,380853,basic_block.i,1,0
1,1,0,0,1,1,1,0,0,380853,basic_block.i81.i,1,8
1,1,0,0,1,1,1,1,0,380853,basic_block558.i,10000,30000
1,1,0,0,1,1,1,1,0,380853,basic_block324.i,10000,30000
1,1,0,0,1,1,1,1,0,380853,basic_block45.i7,1,3
0,1,1,1,1,1,1,1,1,380853,basic_block36.i,0,0
1,1,1,1,1,1,1,1,0,380853,basic_block630.i,3306,505
0,1,0,0,1,1,1,0,0,380853,basic_block126.i,1,10000
0,0,1,1,1,1,0,1,1,380853,basic_block54.i,1,0
0,1,1,1,1,0,1,1,0,380853,basic_block9.i90.i,0,0
1,1,0,0,1,1,1,0,0,380853,basic_block.i113.i,1,8
1,1,0,0,1,1,1,0,0,380853,basic_block.i97.i,1,8
1,1,1,1,1,1,1,1,0,380853,basic_block432.i,6095,506
0,1,1,1,1,0,1,1,1,380853,basic_block9.i,0,0
1,1,0,0,1,1,1,1,0,380853,basic_block108.i,1,3
1,1,1,1,1,1,1,1,0,380853,basic_block666.i,4006,1997
0,0,1,1,1,1,0,1,1,380853,basic_block90.i,1,0
0,0,1,1,1,1,0,1,1,380853,basic_block18.i3,1,0
1,1,1,1,1,1,1,1,0,380853,basic_block252.i,5123,1037
1,1,1,1,1,0,1,1,1,380853,basic_block27.i.i,0,0
1,1,0,0,1,1,1,0,0,380853,basic_block.i73.i,1,8
0,1,1,1,1,0,1,1,1,380853,basic_block18.i,0,0
1,1,0,0,1,1,1,1,0,380853,basic_block36.i6,1,3
1,1,1,1,1,0,1,1,1,380853,basic_block279.i,5105,4895
1,1,1,1,1,0,1,1,1,380853,basic_block639.i,5994,4006
1,1,0,0,1,1,1,0,0,380853,basic_block.i.i,1,8
1,1,1,1,1,1,1,1,0,380853,basic_block288.i,1399,3706
1,1,1,1,1,0,1,1,1,380853,basic_block459.i,5996,4004
1,1,0,0,1,1,1,1,0,380853,basic_block198.i,10000,30000
1,1,0,0,1,1,1,1,0,380853,basic_block144.i,10000,30000
1,1,1,1,1,1,1,1,0,380853,basic_block648.i,3997,1997
0,1,1,1,1,0,1,1,0,380853,basic_block27.i,0,0
1,1,1,1,1,0,1,1,1,380853,basic_block423.i,6601,3399
0,1,1,1,1,1,1,1,0,380853,basic_block18.i.i,0,0
1,1,0,0,1,1,1,1,0,380853,basic_block117.i,1,3
1,1,0,0,1,1,1,0,0,380853,basic_block.i89.i,1,8
1,1,0,0,1,1,1,1,0,380853,basic_block378.i,10000,30000
1,1,1,1,1,1,1,1,0,380853,basic_block306.i,4896,3705
1,1,1,1,1,0,1,1,1,380853,basic_block603.i,6695,3305
1,1,1,1,1,1,1,1,0,380853,basic_block468.i,3998,1998
0,1,1,1,1,1,0,1,1,380853,basic_block45.i,0,0
1,1,0,0,1,1,1,1,0,380853,basic_block504.i,10000,30000
1,1,1,1,1,0,1,1,1,107907,basic_block27.i.i,0,0
0,1,0,0,1,1,1,1,0,107907,basic_block99.i,1,100000
1,1,0,0,1,1,1,1,0,107907,basic_block9.i.i,1,154
0,1,1,1,1,0,1,1,1,107907,basic_block18.i,0,0
1,1,0,0,1,1,1,0,0,107907,basic_block.i11.i.i,154,1232
1,1,0,0,1,1,1,0,1,107907,basic_block.i,1,0
1,1,0,0,1,1,1,0,0,107907,basic_block.i19.i.i,154,1232
0,1,1,1,1,1,1,1,0,107907,basic_block9.i4.i,0,0
0,1,1,1,1,1,1,1,1,107907,basic_block36.i,0,0
0,1,1,1,1,0,1,1,0,107907,basic_block27.i,0,0
1,1,0,0,1,1,1,0,0,107907,basic_block.i.i.i,154,1232
1,1,0,0,1,1,1,1,0,107907,basic_block81.i,1,2048
0,1,1,1,1,0,1,1,1,107907,basic_block9.i,0,0
0,1,1,1,1,1,1,1,0,107907,basic_block18.i.i,0,0
0,1,0,0,1,1,1,0,0,107907,basic_block108.i,1,154
0,1,1,1,1,0,1,1,0,107907,basic_block9.i4.i.i,0,0
0,0,1,1,1,1,0,1,1,107907,basic_block9.i3,1,0
0,1,1,1,1,1,0,1,1,107907,basic_block45.i,0,0